9785307892479,Audio,Horror,Equus burchelli,Wallie McCallister,2017/08/30,1216,685
9780060394823,Audio,Horror,Paradoxurus hermaphroditus,Jackie Whyatt,2017/11/19,1285,1356
9789713443677,Audio,Horror,Halcyon smyrnesis,Brenden Loache,2017/05/24,1984,41
9788136054551,Audio,Horror,Semnopithecus entellus,Ezmeralda Moran,2018/03/10,1956,115
9781394563736,Audio,Horror,Spermophilus lateralis,Julie Tomet,2017/08/10,1898,60
9786516228007,Audio,Horror,Phalacrocorax niger,Hector Hillam,2017/08/15,1060,612
9783328714157,Audio,Horror,Cervus duvauceli,Filmer Bastock,2017/04/13,1657,447
9784192143409,Audio,Horror,Canis aureus,Dot Tamburo,2017/08/03,1956,614
9788682839862,Audio,Horror,Bucorvus leadbeateri,Karena Fuke,2017/07/13,1269,1062
9781635014854,Audio,Horror,Gyps bengalensis,Eudora Cotter,2017/09/23,1385,1309
9782509612247,Audio,Horror,Falco mexicanus,Erika Westcarr,2018/03/26,1355,458
9781905051887,Audio,Horror,Martes americana,Andie Morad,2017/07/03,1284,147
9785840410685,Audio,Horror,Alopex lagopus,Nicolais Cherrie,2017/10/12,1377,637
9788822895511,Audio,Horror,Plectopterus gambensis,Tamas Furmagier,2017/08/11,1796,1472
9784831653632,Audio,Horror,Ploceus intermedius,Jaquelin Thams,2017/10/26,1770,1293
9784588636831,Audio,Horror,Felis concolor,De witt Doyland,2017/09/06,1310,88
9784294852227,Audio,Horror,Halcyon smyrnesis,Eustace McKenzie,2017/06/30,1237,1028
9782216472665,Audio,Horror,Thalasseus maximus,Caroljean Fleming,2017/06/12,1332,599
9785988052876,Audio,Horror,Haliaeetus leucocephalus,Walliw Benjefield,2017/11/14,1880,291
9787954856472,Audio,Horror,Nyctereutes procyonoides,Marcello McCoole,2018/02/23,1755,1467
9786538521383,Audio,Horror,Erinaceus frontalis,Ariel Barnwille,2017/09/16,1854,24
9781274045242,Audio,Horror,Bos taurus,Rustie Bleibaum,2017/05/30,1483,694
9784139897500,Audio,Horror,Vulpes vulpes,Burke Kewzick,2017/04/25,1519,130
9782146207327,Audio,Horror,Phoenicopterus ruber,Katina Oxenford,2018/02/26,1643,480
9786093801729,Audio,Horror,Cordylus giganteus,Cecilia Wyley,2017/05/01,1167,883
9783840942736,Audio,Horror,Crotalus adamanteus,Land Leftridge,2017/08/30,1858,1176
9780459337882,Audio,Horror,unavailable,Drucy Charles,2017/04/03,1800,643
9786580334957,Audio,Horror,Eumetopias jubatus,Audre De Few,2017/06/04,1506,217
9783819570889,Audio,Horror,Eutamias minimus,Blake McLelland,2018/01/09,1990,207
9780752451207,Audio,Horror,Tockus erythrorhyncus,Shelby Clemon,2017/12/08,1716,1121
9786731706691,Audio,Horror,Felis concolor,Tab Cleall,2018/03/05,1418,615
9784143262851,Audio,Horror,Pteropus rufus,Mureil Doghartie,2017/12/13,1151,628
9780338376239,Audio,Horror,Tapirus terrestris,Bartlett Jowle,2017/11/12,1614,1110
9784285219916,Audio,Horror,Certotrichas paena,Ernestine Handke,2017/05/23,1063,363
9789110462186,Audio,Horror,Oxybelis sp.,Forrester Smogur,2017/10/04,1494,364
9780795184277,Audio,Horror,Boa constrictor mexicana,Uriah Goter,2017/07/07,1067,93
9787256478096,Audio,Horror,Ephippiorhynchus mycteria,Arly MacGille,2017/10/16,1898,1132
9785067551087,Audio,Horror,Cynictis penicillata,Robina Lasslett,2017/09/12,1780,980
9784949778795,Audio,Horror,Panthera onca,Violet Estick,2018/01/15,1059,363
9780885466060,Audio,Horror,Dasyurus maculatus,Kienan Ellsworthe,2017/05/02,1090,765
9782492239031,Audio,Horror,Haliaeetus leucocephalus,Mort Sheekey,2017/06/02,1585,1281
9789301356914,Audio,Horror,Francolinus leucoscepus,Austine Canton,2018/01/31,1147,1240
9783099266697,Audio,Horror,unavailable,Valida Jeaycock,2017/08/16,1328,84
9789245039104,Audio,Horror,Erinaceus frontalis,Cesare Ortet,2017/09/18,1571,151
9784055960890,Audio,Horror,Aonyx cinerea,Milt Kornacki,2017/04/12,1460,1134
9784880813033,Audio,Horror,Dusicyon thous,Nesta Covill,2017/08/02,1903,105
9788855209703,Audio,Horror,Macropus parryi,Ragnar Desorts,2017/07/09,1906,274
9789014960494,Audio,Horror,Macropus robustus,Elsey Sussems,2017/12/09,1818,43
9788855447804,Audio,Horror,Cervus duvauceli,Candy Floch,2017/07/31,1099,451
9788987274190,Audio,Horror,Parus atricapillus,Eduard Heugel,2017/04/14,1487,1014
9784596100803,Audio,Horror,Tamiasciurus hudsonicus,Vernon Rydeard,2018/03/04,1111,1104
9788364590569,Audio,Horror,Phalacrocorax brasilianus,Galven Janny,2017/10/03,1968,880
9784334196015,Audio,Horror,Eumetopias jubatus,Willetta Lorkings,2017/05/21,1700,620
9780960853565,Audio,Horror,Egretta thula,Leonanie Gecke,2017/12/18,1250,1251
9783871649919,Audio,Horror,Lasiodora parahybana,Rhodie Marton,2017/07/02,1809,1027
9789217448891,Audio,Horror,Trichosurus vulpecula,Norby Dybell,2018/03/05,1717,736
9781466698967,Audio,Horror,Francolinus coqui,Willetta MacDonald,2017/12/27,1520,1477
9784440035047,Audio,Horror,unavailable,Zollie Kernar,2017/05/04,1291,818
9785579963291,Audio,Horror,Trichoglossus chlorolepidotus,Grier Seleway,2017/10/06,1179,499
9786338206500,Audio,Horror,Zenaida galapagoensis,Maudie Mallaby,2017/12/14,1858,211
9789328639206,Audio,Horror,Genetta genetta,Elia Muzzlewhite,2017/08/29,1723,1304
9789679256809,Audio,Horror,Cordylus giganteus,Foster Schole,2017/09/28,1368,37
9785450149280,Audio,Horror,Antilocapra americana,Fredericka Webben,2017/09/24,1955,341
9787025307969,Audio,Horror,Globicephala melas,Ofilia Harcombe,2018/01/29,1898,996
9787509462335,Audio,Horror,Dromaeus novaehollandiae,Dede Pugsley,2017/09/11,1772,158
9789158383400,Audio,Horror,Cercatetus concinnus,Wallache Matyasik,2017/07/10,1181,1133
9785943117303,Audio,Horror,Cordylus giganteus,Dwight Barca,2017/11/19,1278,1133
9780207960333,Audio,Horror,Anser anser,Petronella Noon,2018/02/06,1094,277
9785268542800,Audio,Horror,Potos flavus,Layla Herity,2018/01/02,1253,121
9783805696208,Audio,Horror,Diomedea irrorata,Rockwell Babbage,2017/12/06,1129,742
9782281623664,Audio,Horror,Mazama gouazoubira,Brad Elnough,2018/01/15,1970,524
9785689089287,Audio,Horror,Ovis orientalis,Roslyn Sprague,2018/02/21,1237,1123
9786588831885,Audio,Horror,Spizaetus coronatus,Basil Baird,2017/04/13,1975,581
9787722204036,Audio,Horror,Phoenicopterus ruber,Isidro Andrag,2017/12/02,1444,276
9784285355405,Audio,Horror,Merops bullockoides,Cari Rama,2018/02/12,1538,675
9780373314938,Audio,Horror,Alligator mississippiensis,Fianna Hadfield,2018/02/07,1781,723
9781772612255,Audio,Horror,Varanus salvator,Giustina Brandolini,2017/09/04,1042,284
9787447444437,Audio,Horror,Rhabdomys pumilio,Nye Bruff,2017/06/10,1062,846
9787647876796,Audio,Horror,Macropus agilis,Marthena Stit,2017/08/27,1934,198
9788588592654,Audio,Horror,Otaria flavescens,Terrye Clery,2018/02/19,1644,115
9786192331799,Audio,Horror,Phascogale calura,Verge Veare,2018/01/01,1598,959
9785563629869,Audio,Horror,Sarkidornis melanotos,Ernst Klesse,2018/01/09,1367,655
9784291924720,Audio,Horror,Salvadora hexalepis,Newton Stanfield,2017/08/27,1108,723
9784368652439,Audio,Horror,Theropithecus gelada,Edgard Duffett,2017/12/30,1048,78
9783945372521,Audio,Horror,Proteles cristatus,Ninon Nealy,2017/07/22,1623,634
9789376267948,Audio,Horror,Hystrix cristata,Lemmy Shorto,2017/07/27,1295,1015
9783048323563,Audio,Horror,Cervus duvauceli,Shara Dunnett,2017/05/08,1738,1074
9780442220918,Audio,Horror,Chelodina longicollis,Phillis Oxlee,2017/11/10,1251,429
9789750397261,Audio,Horror,Cordylus giganteus,Derry Sutherby,2018/03/04,1158,373
9784153855325,Audio,Horror,Aonyx capensis,Eulalie Snepp,2017/09/03,1829,626
9788444189296,Audio,Horror,Eudyptula minor,Forest Hallgarth,2017/10/30,1270,460
9788042991719,Audio,Horror,Bassariscus astutus,Gibby McRobert,2017/10/21,1769,1474
9787464537336,Audio,Horror,Suricata suricatta,Lanette Cremer,2017/05/05,1434,542
9781047279217,Audio,Horror,Cervus canadensis,Alvan Jorger,2017/10/20,1222,325
9785863390701,Audio,Horror,Ceratotherium simum,Gae Ecob,2017/12/08,1665,1201
9784398856153,Audio,Horror,Laniaurius atrococcineus,Madel Stanbro,2017/06/20,1437,892
9783674953792,Audio,Horror,Estrilda erythronotos,Kippy Luigi,2017/04/06,2006,1173
9783416585332,Audio,Horror,Callipepla gambelii,Carolan Smidmoor,2017/11/26,1802,917
9789114600225,Audio,Horror,Canis lupus lycaon,Annadiane Boam,2017/07/12,1175,955
9788021806379,Audio,Horror,Dasyurus maculatus,Vittorio Marmion,2018/01/17,1746,793
9789632806757,Audio,Horror,Hydrochoerus hydrochaeris,Shurlocke Antonopoulos,2017/09/30,1629,536
9782552474257,Audio,Horror,Hydrochoerus hydrochaeris,Philbert Lack,2017/09/03,1495,633
9788319746976,Audio,Horror,Coluber constrictor foxii,Gerda Panting,2017/07/25,1207,726
9789894567821,Audio,Horror,Aonyx cinerea,Kaia Burtwhistle,2017/10/05,1578,1247
9783825872167,Audio,Horror,Geococcyx californianus,Bord Dear,2017/05/09,1195,1179
9781639001985,Audio,Horror,Funambulus pennati,Abrahan Poate,2017/04/30,1207,1233
9786613829322,Audio,Horror,Lasiorhinus latifrons,Liane Dunstan,2017/12/06,1037,377
9789640991200,Audio,Horror,Cebus albifrons,Nance Corringham,2017/06/30,1331,1393
9789666072005,Audio,Horror,Sauromalus obesus,Alyosha Gilbert,2018/02/09,1606,427
9784503266583,Audio,Horror,Pelecans onocratalus,Hyatt Birtle,2017/07/25,1607,1380
9784771438872,Audio,Horror,Lycaon pictus,Mommy Forsdyke,2017/08/20,2017,334
9783139456831,Audio,Horror,Chlamydosaurus kingii,Gussie Heighway,2017/06/13,1636,1152
9780094165787,Audio,Horror,Casmerodius albus,Dora Hughland,2017/04/29,1043,55
9781746917275,Audio,Horror,Grus antigone,Alayne Southerton,2017/11/06,1013,899
9781927832111,Audio,Horror,Aegypius tracheliotus,Bryna Gummie,2017/03/28,1842,99
9785004018172,Audio,Horror,Paraxerus cepapi,Stace Dockray,2017/05/14,1869,558
9783903804380,Audio,Horror,Dendrocitta vagabunda,Gerome McKea,2018/01/11,1968,1053
9785470415879,Audio,Horror,Mycteria leucocephala,Teodora Van der Son,2017/09/26,1301,1187
9780695673490,Audio,Horror,Colobus guerza,Tadd Marritt,2017/07/24,1518,738
9783053760945,Audio,Horror,Sarcophilus harrisii,Adriane Eke,2017/11/22,1047,677
9781100662087,Audio,Horror,Ursus americanus,Stanley Norsister,2017/07/18,1109,1325
9787363583544,Audio,Horror,Nesomimus trifasciatus,Inglebert Kesterton,2017/06/29,1777,66
9788403870912,Audio,Horror,Grus canadensis,Taryn Tolcharde,2017/10/27,1335,1499
9783842156347,Audio,Horror,Agouti paca,Yehudit Gluyas,2018/02/28,1918,99
9780801436728,Audio,Horror,Phasianus colchicus,Seana Knappen,2017/07/25,1498,16
9781771354514,Audio,Horror,Uraeginthus angolensis,Jillana Ciciotti,2017/06/01,1684,1377
9781276780313,Audio,Horror,Ninox superciliaris,Roselle Rathke,2017/09/07,1139,1307
9783364401569,Audio,Horror,Uraeginthus granatina,Tome Tomasutti,2018/01/23,1665,67
9787060189397,Audio,Horror,Sula nebouxii,Braden Izkovici,2017/05/05,1819,618
9787490447134,Audio,Horror,Uraeginthus granatina,Kira Gruszka,2017/08/24,1042,1185
9784152635976,Audio,Horror,Platalea leucordia,Mable Ortiga,2018/01/20,1819,780
9780303964947,Audio,Horror,Bucephala clangula,Ferrell Lammerding,2017/05/25,1382,1009
9784480178985,Audio,Horror,Ursus arctos,Nico Baxter,2018/03/01,1345,1141
9787113188461,Audio,Horror,Haliaetus vocifer,Marigold Sharplin,2017/10/21,1705,537
9784216175858,Audio,Horror,Nectarinia chalybea,Ingamar Hotson,2018/02/07,1192,7
9782835585862,Audio,Horror,Haematopus ater,Terrill Hainey,2017/05/03,1859,952
9787986208910,Audio,Horror,Paraxerus cepapi,Gabbie Alderman,2017/03/28,1807,532
9789007124132,Audio,Horror,Speotyte cuniculata,Aldous Bohike,2017/10/08,1675,1464
9785063763287,Audio,Horror,Recurvirostra avosetta,Liana Monan,2017/06/27,1616,1456
9789346720075,Audio,Horror,Sylvicapra grimma,Shirline Hansberry,2017/12/07,1853,618
9789864566719,Audio,Horror,Anser caerulescens,Cynde Axelbee,2017/04/18,1802,461
9789980962013,Audio,Horror,Grus rubicundus,Aloise Jerdan,2018/01/10,1326,399
9784549096644,Audio,Horror,Butorides striatus,Mandy Taw,2017/10/08,1938,1241
9783393910108,Audio,Horror,Chlidonias leucopterus,Vernor Levey,2018/03/03,1232,57
9788807627755,Audio,Horror,Uraeginthus angolensis,Milo Pennell,2017/12/17,1596,146
9782418791040,Audio,Horror,Myrmecophaga tridactyla,Nicky Botting,2018/01/12,1278,273
9784565672940,Audio,Horror,Trachyphonus vaillantii,Alexia Boarleyson,2017/08/29,1715,1149
9785267592416,Audio,Horror,Kobus defassa,Niko Cleal,2017/04/25,1937,1149
9788346772419,Audio,Horror,Galictis vittata,Katey Cowpe,2017/07/06,1962,781
9784251272797,Audio,Horror,Conolophus subcristatus,Mackenzie Redholes,2017/05/20,1890,871
9780717237150,Audio,Horror,Grus antigone,Alissa Aust,2017/09/21,1620,103
9789210620668,Audio,Horror,Passer domesticus,Nicol Jozwiak,2017/04/13,1249,1462
9785994957553,Audio,Horror,Cracticus nigroagularis,Lissa Reimer,2017/10/21,1302,1237
9787945426737,Audio,Horror,Macaca mulatta,Robb Golde,2017/09/14,1149,542
9788763112824,Audio,Horror,Panthera leo persica,Hartley Marcoolyn,2017/05/09,1936,658
9780481352962,Audio,Horror,Lycosa godeffroyi,Malissia Cantillon,2017/11/03,1820,1400
9788530634557,Audio,Horror,Ceratotherium simum,Ketty Coram,2017/05/01,1442,299
9788097270941,Audio,Horror,unavailable,Rebecca Matlock,2017/08/13,1665,1188
9783456739661,Audio,Horror,Chlidonias leucopterus,Jaquith Revington,2018/02/28,1738,17
9789822112771,Audio,Horror,Lophoaetus occipitalis,Gusella Gair,2017/10/27,1235,1137
9783883625543,Audio,Horror,Canis aureus,Mufi Van Dale,2017/07/18,1193,1445
9780640689658,Audio,Horror,Macropus robustus,Nolana Howorth,2017/10/19,1756,786
9782671514365,Audio,Horror,Macropus fuliginosus,Sharai Keitley,2017/05/01,1342,553
9784589324858,Audio,Horror,Climacteris melanura,Fraser Laingmaid,2018/03/25,1100,742
9780589525262,Audio,Horror,Columba palumbus,Roderic Pidgley,2017/06/27,1357,1040
9788916080180,Audio,Horror,Grus rubicundus,Alister Bourtoumieux,2017/08/24,1922,448
9786707310725,Audio,Horror,Vulpes vulpes,Dorothee Foynes,2017/05/22,1671,924
9789379320507,Audio,Horror,Ephipplorhynchus senegalensis,Tore McCourt,2017/12/12,1827,726
9781794680268,Audio,Horror,Raphicerus campestris,Bidget Mizzen,2017/06/21,1567,460
9786070648829,Audio,Horror,Epicrates cenchria maurus,Giacomo McElrea,2017/04/13,1300,190
9788889108238,Audio,Horror,Aepyceros mylampus,Melly Dyka,2017/09/17,1522,782
9789391760610,Audio,Horror,Spermophilus richardsonii,Ericha Goldthorpe,2018/01/23,1346,1026
9784143592212,Audio,Horror,Procyon lotor,Teri Cawkwell,2017/11/30,1668,1330
9783017953790,Audio,Horror,Merops bullockoides,Izabel Mullen,2017/10/23,1830,823
9781264793708,Audio,Horror,Phoenicopterus ruber,Heinrick Swinyard,2017/04/19,1594,1349
9788683387323,Audio,Horror,Anser anser,Vernen Piggen,2017/08/19,1335,601
9786851584513,Audio,Horror,Agelaius phoeniceus,Datha Langrish,2017/09/11,1814,24
9785737184315,Audio,Horror,Chelodina longicollis,Zola Troy,2017/10/05,1720,1402
9781188375893,Audio,Horror,unavailable,Shea Cowan,2017/10/18,1832,1251
9780458218580,Audio,Horror,Butorides striatus,Gennifer Fenelow,2017/10/21,1845,1135
9789131829185,Audio,Horror,Ictonyx striatus,Rossy Moyers,2017/12/14,1058,279
9784918935033,Audio,Horror,Platalea leucordia,Rebeka Killingworth,2018/01/04,1891,1072
9783894650316,Audio,Horror,Taxidea taxus,Van Cottam,2017/10/11,1266,437
9789133919237,Audio,Horror,Ara macao,Harmon Weldrick,2018/02/21,1421,438
9788409687468,Audio,Horror,Buteo regalis,Brennan Sarath,2018/03/21,1547,1031
9789311244015,Audio,Horror,Acrobates pygmaeus,Elane Rusbridge,2017/06/15,1660,1139
9786186858685,Audio,Horror,Grus rubicundus,Brandais Honywill,2017/05/11,1066,788
9781728894649,Audio,Horror,Alouatta seniculus,Galen Coalbran,2017/12/28,1435,661
9782959192501,Audio,Horror,Ardea cinerea,Brenda Meadows,2017/11/30,1133,414
9789445436222,Audio,Horror,Nasua narica,Burlie Jenkin,2017/10/25,1693,809
9785011455959,Audio,Horror,Oreamnos americanus,Ginger Sherlaw,2017/12/25,1431,1413
9789647800549,Audio,Horror,Pan troglodytes,Karee Ashman,2018/03/14,1532,345
9785191805018,Audio,Horror,Connochaetus taurinus,Huntley Thome,2017/09/07,1889,450
9789454645489,Audio,Horror,Ploceus intermedius,Rivkah Kendle,2017/04/17,1285,301
9782996077284,Audio,Horror,Macropus robustus,Albina Cargo,2017/06/08,1229,620
9781728647681,Audio,Horror,unavailable,Juline Whiskerd,2017/04/26,1033,1035
9787031876969,Audio,Horror,Nyctanassa violacea,Wat Taile,2018/02/07,1800,1207
9783036048167,Audio,Horror,Physignathus cocincinus,Warner Kindall,2017/10/08,1194,897
9783595674778,Audio,Horror,Bugeranus caruncalatus,Lorant Wallworke,2017/04/03,1832,697
9787501181227,Audio,Horror,Manouria emys,Ludvig Beddow,2017/09/03,1913,569
9788142411322,Audio,Horror,Lycosa godeffroyi,Annabela Groll,2017/08/01,1128,901
9787956050201,Audio,Horror,unavailable,Aurlie Ganforth,2017/09/19,1069,182
9787599851745,Audio,Horror,Ardea golieth,Pia Maginn,2017/08/31,1060,1077
9783434530002,Audio,Horror,Certotrichas paena,Jaymie Matthieson,2017/12/19,1251,923
9787360026992,Audio,Horror,Halcyon smyrnesis,Daniele Simes,2018/03/06,1078,961
9788676323101,Audio,Horror,Castor canadensis,Yorgos Wiszniewski,2017/10/31,1255,113
9787383212083,Audio,Horror,Suricata suricatta,Yorke Alflatt,2017/09/07,1990,1178
9786715572570,Audio,Horror,Ciconia episcopus,Vilma Cowland,2017/06/19,1019,168
9784214115355,Audio,Horror,Antidorcas marsupialis,Gayleen Picheford,2017/11/04,1684,970
9784872259298,Audio,Horror,Phascolarctos cinereus,Moises Rashleigh,2018/03/02,1393,1445
9787102469614,Audio,Horror,Anastomus oscitans,Pauline Cockett,2018/02/11,1173,535
9787677959063,Audio,Horror,Cervus duvauceli,Jessalin Mityushkin,2018/02/12,1901,1101
9787911564744,Audio,Horror,Gyps bengalensis,Rakel Burness,2017/09/25,1585,135
9782113069146,Audio,Horror,Lemur fulvus,Bambie Culcheth,2017/09/03,1766,1433
9787595362538,Audio,Horror,Conolophus subcristatus,Lani Napton,2017/08/31,1813,753
9780374157284,Audio,Horror,Felis wiedi or Leopardus weidi,Cassy Stillgoe,2018/02/01,1289,321
9782119851746,Audio,Horror,Cereopsis novaehollandiae,Estele Enterle,2017/06/13,1872,232
9788556425658,Audio,Horror,Papio cynocephalus,Mercie Ambrogiotti,2017/09/21,1815,1371
9788622049826,Audio,Horror,Potorous tridactylus,Carol Ramsay,2017/10/15,1766,79
9788908003491,Audio,Horror,Turtur chalcospilos,Roxine Boden,2017/12/28,1838,1190
9780727263511,Audio,Horror,Physignathus cocincinus,Hagen Litchmore,2017/07/20,1553,665
9787557132477,Audio,Horror,Priodontes maximus,Ferguson Orht,2017/07/10,1967,1387
9781488715077,Audio,Horror,Otaria flavescens,Lionel Balderstone,2017/07/08,1150,332
9784222725183,Audio,Horror,Cathartes aura,Marika Phelipeau,2017/12/30,1118,237
9786895713989,Audio,Horror,Notechis semmiannulatus,Joanie Longstreeth,2017/12/31,1411,143
9787516664145,Audio,Horror,Sus scrofa,Bernhard Tincknell,2017/04/17,1388,846
9789381276600,Audio,Horror,Lepus arcticus,Orlan Bartelet,2017/06/21,1522,665
9788602403854,Audio,Horror,Gazella thompsonii,Darius Paulley,2017/04/10,1758,907
9787863141839,Audio,Horror,Cacatua tenuirostris,Art Minister,2018/02/10,1365,1062
9780619252558,Audio,Horror,Tayassu tajacu,Ado Krolak,2018/01/18,1062,157
9784922965697,Audio,Horror,Equus hemionus,Filip Stennet,2017/05/29,1726,1484
9783497725453,Audio,Horror,Cercopithecus aethiops,Lennie Furphy,2017/10/18,1128,1185
9789318577638,Audio,Horror,Carduelis pinus,Guinna Mogg,2017/06/19,1622,923
9784041704602,Audio,Horror,Pan troglodytes,Nikolai Carlsen,2017/07/22,1754,638
9782529290170,Audio,Horror,Panthera leo,Kaiser Bache,2017/08/26,1634,489
9784854989773,Audio,Horror,Limosa haemastica,Allan Janca,2018/01/08,1205,1475
9782049982735,Audio,Horror,Arctogalidia trivirgata,Tara Gowanson,2017/10/26,1886,1136
9785815258310,Audio,Horror,Spilogale gracilis,Genvieve Mallinson,2017/12/11,1622,892
9788206644847,Audio,Horror,Dasypus novemcinctus,Marve Ruffy,2017/10/28,1164,36
9781524442158,Audio,Horror,Cynictis penicillata,Pavlov Arends,2017/11/12,1482,307
9784239926356,Audio,Horror,unavailable,Maurene Sprigin,2017/04/18,1272,989
9785183374142,Audio,Horror,Choloepus hoffmani,Ware Bernardy,2017/05/08,1763,1005
9783930858027,Audio,Horror,Anas platyrhynchos,Leontyne Brazil,2017/04/23,1056,348
9781407214117,Audio,Horror,Cercopithecus aethiops,Chase Greser,2017/07/08,1424,962
9785414365217,Audio,Horror,Microcebus murinus,Edik Sammut,2018/01/13,1303,1300
9781807082748,Audio,Horror,Mycteria leucocephala,Cross McElory,2017/12/08,1945,528
9781575390924,Audio,Horror,Connochaetus taurinus,Blinnie Trigwell,2017/09/18,1153,1105
9785078573880,Audio,Horror,Diomedea irrorata,Rupert Colls,2018/01/02,1274,1346
9784795760418,Audio,Horror,Sula dactylatra,Velvet Dunbar,2017/11/07,1497,740
9785175138457,Audio,Horror,Lepus arcticus,Ruby Wellum,2017/06/04,1431,274
9781014464592,Audio,Horror,Eudyptula minor,Anneliese Easbie,2018/03/22,1383,1095
9789898540849,Audio,Horror,Cordylus giganteus,Towney Lampen,2017/10/27,1148,793
9784155042679,Audio,Horror,Paradoxurus hermaphroditus,Elmer Chillingsworth,2018/02/09,1851,572
9782367681531,Audio,Horror,Carduelis uropygialis,Betti Grassot,2017/07/14,1420,41
9788384227579,Audio,Horror,Aonyx cinerea,Claresta Viel,2018/01/30,1381,35
9786850390686,Audio,Horror,Felis silvestris lybica,Pen Gerrelts,2017/09/09,1730,1164
9785921847236,Audio,Horror,Plectopterus gambensis,Petey Heinrici,2017/12/13,1756,950
9789577856884,Audio,Horror,Tyto novaehollandiae,Shelley Ethelston,2017/05/05,1509,707
9785299983513,Audio,Horror,Dromaeus novaehollandiae,Timoteo Wilkes,2017/08/29,1353,1280
9789871681980,Audio,Horror,Sula dactylatra,Rocky Mathet,2017/08/28,1649,511
9782064897591,Audio,Horror,Neotis denhami,Tandy McIntosh,2017/08/02,1356,962
9783197844033,Audio,Horror,Nasua nasua,Ansley Reynish,2017/05/02,1660,582
9787412326989,Audio,Horror,Centrocercus urophasianus,Kathleen Brockelsby,2017/04/11,1766,24
9781860974047,Audio,Horror,Ciconia episcopus,Missie Nuschke,2017/06/05,1441,1178
9782536488575,Audio,Horror,Spermophilus tridecemlineatus,Milt Sibborn,2017/12/20,1451,45
9782391970658,Audio,Horror,Lycosa godeffroyi,Pennie Dabes,2018/03/04,1490,1381
9787032257196,Audio,Horror,Cebus albifrons,Augustus Bulfoy,2018/01/01,1342,477
9784129263529,Audio,Horror,Cyrtodactylus louisiadensis,Nikki Stonham,2017/11/16,1339,469
9785534106977,Audio,Horror,Macropus eugenii,Britt Baudic,2017/12/01,1533,1392
9782406360010,Audio,Horror,Pavo cristatus,Shay Mace,2017/11/20,1805,574
9783314700932,Audio,Horror,Acanthaster planci,Wilden Blasl,2018/01/08,1201,387
9788063558354,Audio,Horror,Haliaeetus leucocephalus,Vanya Leffek,2017/05/31,1827,650
9782949414395,Audio,Horror,Connochaetus taurinus,Nicolai Fawson,2018/02/26,1835,63
9780251400620,Audio,Horror,Vulpes cinereoargenteus,Vickie Rosendorf,2017/11/13,1810,1453
9782210621332,Audio,Horror,Graspus graspus,Lynelle Aymerich,2017/09/17,1638,483
9780419484022,Audio,Horror,Salvadora hexalepis,Trenna Le Fleming,2017/09/16,1474,934
9785189639230,Audio,Horror,Helogale undulata,Valenka Genese,2017/05/16,2003,1026
9789140161602,Audio,Horror,Ovibos moschatus,Kassie Cathcart,2017/09/22,1724,902
9787404915400,Audio,Horror,Lamprotornis nitens,Trent Spick,2018/01/12,1376,467
9787515585274,Audio,Horror,Dusicyon thous,Michail Borgnol,2018/03/12,2012,1052
9781050728640,Audio,Horror,Deroptyus accipitrinus,Mel Attock,2017/11/28,1723,264
9787422290275,Audio,Horror,Dendrocitta vagabunda,Corby Griss,2018/02/20,1762,201
9787897839060,Audio,Horror,Merops bullockoides,Pablo Lampbrecht,2017/05/28,1295,579
9782762124880,Audio,Horror,Trachyphonus vaillantii,Carmel Ivachyov,2017/12/26,1613,1500
9783957837063,Audio,Horror,Cebus apella,Paulette Burles,2017/08/29,1624,769
9783254734135,Audio,Horror,Ardea cinerea,Shirl Creegan,2018/02/01,1388,314
9789863652507,Audio,Horror,Sus scrofa,Blondelle Pinkney,2017/10/29,1724,901
9784755754355,Audio,Horror,Macropus agilis,Othella Yosselevitch,2017/07/31,1820,1092
9781229796010,Audio,Horror,Centrocercus urophasianus,Danila Saffer,2017/08/24,1345,26
9789053681607,Audio,Horror,Aquila chrysaetos,Cyrill Rapo,2017/11/17,1980,624
9787259870969,Audio,Horror,Cacatua galerita,Rabbi Brocks,2017/04/14,1186,595
9786521242326,Audio,Horror,Delphinus delphis,Frieda Danit,2017/12/31,1199,695
9788411032125,Audio,Horror,Leprocaulinus vipera,Garwood Blanche,2017/12/12,1142,386
9787547807429,Audio,Horror,Mirounga angustirostris,Boony Demschke,2017/06/23,1745,1463
9786101377616,Audio,Horror,Manouria emys,Gavrielle Presslie,2017/04/28,1915,806
9781586675452,Audio,Horror,Ara chloroptera,Aryn Fearnill,2017/09/13,1333,1334
9782382783507,Audio,Horror,Pycnonotus nigricans,Cristin McIndrew,2017/12/11,1515,942
9782188323126,Audio,Horror,Petaurus breviceps,Michelle Kisbey,2017/12/07,1510,18
9789510240115,Audio,Horror,Ara ararauna,Ferrel Cromarty,2017/11/15,1225,9
9782486801996,Audio,Horror,Butorides striatus,Liv Swindells,2017/05/17,1530,340
9782524562520,Audio,Horror,Rhea americana,Vick Winny,2017/12/19,1225,342
9783422401924,Audio,Horror,Phalacrocorax albiventer,Geri Derl,2017/11/24,1156,183
9785353379933,Audio,Horror,Pycnonotus barbatus,Leoline Smither,2017/12/15,1176,665
9789142525329,Audio,Horror,Casmerodius albus,Colet Onn,2018/02/03,1964,232
9789742760400,Audio,Horror,Buteo regalis,Stavro Shillitoe,2017/09/16,1035,274
9786449311370,Audio,Horror,Centrocercus urophasianus,Luce Girhard,2017/09/20,1498,541
9785953333065,Audio,Horror,Ciconia ciconia,Arnoldo Wyndham,2017/04/29,2015,936
9780433507699,Audio,Horror,Limosa haemastica,Burtie Bradtke,2017/06/09,1829,1332
9782638399859,Audio,Horror,Phoenicopterus ruber,Afton Attle,2017/06/09,1423,447
9780024850005,Audio,Horror,Tadorna tadorna,Fredia Dinkin,2017/11/07,1261,198
9782096307992,Audio,Horror,unavailable,Aubry Pickervance,2017/07/12,1032,1309
9783995052160,Audio,Horror,Laniaurius atrococcineus,Danni France,2017/12/14,2003,11
9784160891092,Audio,Horror,Semnopithecus entellus,Aleta Skudder,2017/08/28,1577,815
9784036031726,Audio,Horror,Streptopelia decipiens,Julia Tregidgo,2018/01/21,1113,278
9787287928420,Audio,Horror,Vanellus chilensis,Minette Albutt,2018/02/10,1781,822
9780372799689,Audio,Horror,Sula dactylatra,Elwin Want,2017/09/23,1780,374
9780094642110,Audio,Horror,unavailable,Sandor Hallad,2018/02/16,1989,973
9784923034285,Audio,Horror,Physignathus cocincinus,Crin Conquer,2017/04/27,1717,1158
9786086135691,Audio,Horror,Columba palumbus,Ethelbert Derricoat,2017/11/09,1859,1182
9789879276569,Audio,Horror,Canis mesomelas,Dalenna Teck,2018/03/24,1960,387
9782270981896,Audio,Horror,Zonotrichia capensis,Tommy Headan,2018/03/23,1125,730
9787683664491,Audio,Horror,Lamprotornis nitens,Zollie Mockes,2017/10/18,1468,141
9782524015873,Audio,Horror,Rhea americana,Merrielle Elkins,2017/11/29,1046,265
9789201832914,Audio,Horror,Leprocaulinus vipera,Armand Martignoni,2018/01/15,1930,1218
9789882934017,Audio,Horror,Cervus duvauceli,Valerie Beert,2017/07/08,1751,516
9785645574896,Audio,Horror,Ovis canadensis,Rufus Carleton,2017/08/28,1419,1484
9786380794902,Audio,Horror,Crotaphytus collaris,Silvanus Gebhard,2017/07/18,1294,534
9780366279139,Audio,Horror,Francolinus swainsonii,Verina Woolforde,2017/04/18,1852,410
9788422103187,Audio,Horror,Nucifraga columbiana,Talbert Loffhead,2018/01/31,1798,747
9785610492866,Audio,Horror,Ploceus rubiginosus,Cammie Lanham,2017/04/04,1248,504
9784045108355,Audio,Horror,Snycerus caffer,Suzanne Gazzard,2017/12/21,1767,1369
9784483736939,Audio,Horror,Theropithecus gelada,Kristel Carrabott,2017/11/14,1725,36
9783728562387,Audio,Horror,Hymenolaimus malacorhynchus,Joete Franzen,2018/02/27,1547,507
9786130389666,Audio,Horror,Cacatua galerita,Bevvy Stote,2017/09/04,1840,316
9785514041922,Audio,Horror,Stenella coeruleoalba,Jany Brauns,2018/01/15,1749,835
9787284522216,Audio,Horror,Acrantophis madagascariensis,Wolfgang Bilborough,2017/05/12,1009,1055
9786210775018,Audio,Horror,Taurotagus oryx,Sky Garza,2018/01/21,1815,658
9781777467100,Audio,Horror,Pterocles gutturalis,Vi Creeber,2017/07/21,1758,316
9789355990577,Audio,Horror,Amazona sp.,Shelby Laffoley-Lane,2018/01/13,1075,1153
9782161179178,Audio,Horror,Ratufa indica,Phyllida Peealess,2017/06/02,1641,1406
9780890728924,Audio,Horror,Buteo jamaicensis,Tiertza Batchelar,2017/10/05,1565,1496
9789067850624,Audio,Horror,Choriotis kori,Letty Olyonov,2017/11/15,1494,570
9781874053668,Audio,Horror,Equus burchelli,Antone Commin,2017/07/04,1384,907
9780993852282,Audio,Horror,Haliaetus vocifer,Wolf Haugg,2017/05/18,1037,322
9786198891775,Audio,Horror,Bradypus tridactylus,Jenelle Willan,2017/04/10,1846,782
9785274735137,Audio,Horror,Cacatua galerita,Field Ben,2018/01/27,1297,1246
9783913198462,Audio,Horror,Vulpes cinereoargenteus,Gallard Thomel,2017/11/06,1133,1023
9784902883376,Audio,Horror,Ursus americanus,Ugo Greg,2017/05/02,2018,1016
9784027952384,Audio,Horror,Eudyptula minor,Skyler Seabrook,2018/02/15,1059,866
9786860363702,Audio,Horror,Cacatua tenuirostris,Vanya Splevin,2017/07/10,1848,1409
9786627680609,Audio,Horror,Vulpes vulpes,Rafa Storres,2017/06/06,1321,453
9781979363919,Audio,Horror,Pseudoleistes virescens,Derk Swatradge,2017/05/25,1059,791
9783952395669,Audio,Horror,Buteo galapagoensis,Dinny Adamczewski,2018/03/18,1843,1005
9786817597091,Audio,Horror,Fregata magnificans,Henri Langridge,2018/03/20,1713,353
9785523528570,Audio,Horror,Vulpes chama,Pace Pavolini,2017/06/30,1686,420
9784744387143,Audio,Horror,Castor canadensis,Randall Junifer,2017/05/03,1314,922
9785636610507,Audio,Horror,Felis silvestris lybica,Theadora Robben,2018/01/03,1804,17
9786594562576,Audio,Horror,Cacatua tenuirostris,Jimmy Brute,2017/08/08,1339,153
9784996233257,Audio,Horror,Sus scrofa,Dynah Broomhead,2017/10/29,1874,1058
9787256936235,Audio,Horror,Herpestes javanicus,Chantalle Janout,2017/12/16,1657,396
9783330383878,Audio,Horror,Sylvilagus floridanus,Milton Bitchener,2018/01/17,1281,701
9784516420235,Audio,Horror,Dasyurus maculatus,Cornelius MacFarlane,2017/08/05,1865,1474
9783958599723,Audio,Horror,Colobus guerza,Vickie Minogue,2017/08/12,1885,1389
9782769616161,Audio,Horror,Macropus rufogriseus,Chloe Wong,2017/09/11,1975,460
9789807646322,Audio,Horror,Bubalus arnee,Shay Scrane,2018/02/13,1990,1295
9786095757684,Audio,Horror,Lycosa godeffroyi,Harli Meneo,2018/01/30,1771,239
9786827375183,Audio,Horror,Irania gutteralis,Noll Macvain,2017/06/25,1159,1002
9781597955345,Audio,Horror,Platalea leucordia,Darcie Belshaw,2017/09/15,1476,958
9788478843249,Audio,Horror,Climacteris melanura,Luigi Lesurf,2018/02/28,1434,1475
9786423634449,Audio,Horror,Ephippiorhynchus mycteria,Genvieve Liepina,2017/08/08,1725,485
9782114533472,Audio,Horror,Sitta canadensis,Rafa MacQuarrie,2017/07/13,1619,385
9781401689903,Audio,Horror,Milvago chimachima,Leshia Gosse,2017/08/08,1294,885
9780246873028,Audio,Horror,Scolopax minor,Lefty Elacoate,2017/09/18,1060,238
9781014887107,Audio,Horror,Dendrocitta vagabunda,Ajay Hazeldene,2017/07/28,1270,956
9783254827408,Audio,Horror,Dasyurus maculatus,Casey Ringer,2017/06/19,1710,1215
9780963404899,Audio,Horror,unavailable,Germaine Claremont,2017/11/23,1257,514
9781006618878,Audio,Horror,Melophus lathami,Ammamaria Sterndale,2017/08/10,1745,404
9787447428680,Audio,Horror,Iguana iguana,Dari Raun,2017/11/25,1091,1228
9785694576235,Audio,Horror,Macropus agilis,Honoria Gregg,2017/08/29,1945,96
9784854668535,Audio,Horror,Pavo cristatus,Chuck Curcher,2017/06/01,1520,737
9784267580378,Audio,Horror,Oryx gazella callotis,Zelma Ostridge,2017/06/13,1006,784
9782069529191,Audio,Horror,Gazella granti,Stephani Mara,2017/07/09,1165,283
9787367995371,Audio,Horror,Acrantophis madagascariensis,Norris Elks,2017/08/11,1092,203
9781130111047,Audio,Horror,Eremophila alpestris,Tadio Rampage,2017/08/07,1854,1197
9786663716338,Audio,Horror,Paroaria gularis,Lalo Regardsoe,2017/05/06,1022,421
9780434392439,Audio,Horror,Larus dominicanus,Dougie Dorkins,2017/05/18,1362,521
9788174871974,Audio,Horror,Lamprotornis sp.,Jolee Cheasman,2017/12/30,1393,748
9783649834286,Audio,Horror,Merops nubicus,Olvan Kroch,2017/10/07,1476,1471
9786203130144,Audio,Horror,Prionace glauca,Leann Sylvester,2017/11/30,1329,1390
9784106636000,Audio,Horror,Aepyceros mylampus,Helena Ellershaw,2017/10/24,1418,210
9783740413822,Audio,Horror,Phaethon aethereus,Eilis Ephgrave,2017/07/02,1476,1179
9783745799004,Audio,Horror,Ovis canadensis,Nerte Dixon,2018/02/19,1514,1243
9788837508432,Audio,Horror,Manouria emys,Nanon Wasmuth,2018/02/17,1094,155
9780632621878,Audio,Horror,Oryx gazella,Adriano Simonetto,2017/09/26,1968,399
9784687453445,Audio,Horror,Macropus agilis,Katherine Mussett,2017/04/08,1091,1164
9781123919396,Audio,Horror,Marmota caligata,Violette Ryce,2017/07/28,1891,758
9787773073944,Audio,Horror,Casmerodius albus,Dorolice Henaughan,2017/10/02,1448,221
9781099529748,Audio,Horror,Butorides striatus,Kalina Simenon,2018/02/22,1742,845
9788814687186,Audio,Horror,Ctenophorus ornatus,Lebbie Savile,2017/05/03,1548,396
9789569433980,Audio,Horror,Pteronura brasiliensis,Mamie Caris,2017/12/13,1273,1033
9786765766584,Audio,Horror,unavailable,Samuele Lutzmann,2018/01/22,1564,529
9787831420431,Audio,Horror,Fratercula corniculata,Leoline Mulhall,2017/04/09,1438,926
9783505111874,Audio,Horror,Ictalurus furcatus,Mil Lafford,2018/03/23,1565,1472
9785002410190,Audio,Horror,Parus atricapillus,Tabitha Cammock,2017/12/11,1324,181
9788985052654,Audio,Horror,Bradypus tridactylus,Iver Quantick,2018/03/15,1870,341
9784980590497,Audio,Horror,Larus dominicanus,Nigel Yankishin,2017/12/27,1355,266
9789584553065,Audio,Horror,Equus hemionus,Pepita Pechell,2017/06/07,1522,1025
9784228531835,Audio,Horror,Crocodylus niloticus,Jelene Bilborough,2017/11/23,1064,806
9787299694459,Audio,Horror,Phoca vitulina,Wilhelmine Fass,2017/08/01,1895,93
9785443259470,Audio,Horror,Paradoxurus hermaphroditus,Gaston Kielty,2017/04/16,1004,1058
9785208835609,Audio,Horror,Junonia genoveua,Tad Godson,2017/05/28,1412,287
9785773681667,Audio,Horror,Coracias caudata,Ambrosio Grinsdale,2017/10/01,1448,84
9783148891659,Audio,Horror,Streptopelia senegalensis,Debora Borzone,2017/12/08,1806,1083
9788554416551,Audio,Horror,Macaca mulatta,Kerby Breacher,2018/01/09,1812,141
9783539954590,Audio,Horror,Creagrus furcatus,Saba Batrim,2018/01/12,1076,1174
9784863614617,Audio,Horror,Limnocorax flavirostra,Cherri Bointon,2017/06/20,1719,1233
9785144132041,Audio,Horror,Macropus parryi,Felita Pietroni,2017/09/20,1861,1039
9780789404707,Audio,Horror,Zosterops pallidus,Desmund Meads,2017/11/19,1373,1461
9781370810259,Audio,Horror,Paradoxurus hermaphroditus,Ferd Guillond,2017/04/02,1736,1209
9785458853206,Audio,Horror,Tragelaphus angasi,Antonetta Dudeney,2017/10/17,1481,570
9783969463988,Audio,Horror,Fulica cristata,Wilhelmine Gofford,2017/09/03,1202,1401
9787439848637,Audio,Horror,Bos frontalis,Darin Coultas,2017/07/14,1836,438
9788225181922,Audio,Horror,Sceloporus magister,Glynnis McFeat,2017/11/29,1098,1251
9782627103749,Audio,Horror,Limnocorax flavirostra,Sophey MacConnal,2018/01/18,1602,688
9787114980463,Audio,Horror,Colobus guerza,Zebadiah Hargey,2017/09/02,1701,842
9789002095864,Audio,Horror,Uraeginthus bengalus,Di Lemar,2017/12/24,1220,427
9781406099267,Audio,Horror,Otaria flavescens,Danice Cassely,2017/08/19,1855,828
9789503442387,Audio,Horror,Camelus dromedarius,Tristan Verey,2018/02/28,1540,706
9788903170495,Audio,Horror,Francolinus leucoscepus,Dix Philcox,2017/07/26,1759,465
9780681602017,Audio,Horror,Rhea americana,Margery Carville,2017/08/15,1179,345
9783267902229,Audio,Horror,Dasyurus viverrinus,Frederich Wortley,2017/06/06,1268,470
9789003724930,Audio,Horror,Columba palumbus,Eldredge McPhail,2017/10/29,1325,523
9780003988256,Audio,Horror,Delphinus delphis,Blisse Bentall,2017/06/22,1992,269
9788765173097,Audio,Horror,Bison bison,Tremain MacIntosh,2017/06/19,1297,303
9785280166356,Audio,Horror,Marmota flaviventris,Martie Pask,2017/10/21,1048,1160
9789966101534,Audio,Horror,Notechis semmiannulatus,Kaye Pinsent,2018/02/23,1766,120
9783052403433,Audio,Horror,Neotis denhami,Carolina Bladesmith,2017/07/26,1835,1418
9782070071855,Audio,Horror,Vanessa indica,Karry MacQuist,2017/11/03,1820,933
9786236973319,Audio,Horror,Loris tardigratus,Tyne Pettinger,2018/02/21,1818,1071
9788580699349,Audio,Horror,Acrantophis madagascariensis,Jeff Aire,2017/12/03,1928,742
9783267146991,Audio,Horror,Gekko gecko,Hedvige Godleman,2017/05/23,1747,308
9784045114160,Audio,Horror,Giraffe camelopardalis,Reena Spong,2018/01/23,1541,1311
9788575971256,Audio,Horror,Mycteria leucocephala,Krissie Ashbolt,2017/10/05,1490,365
9780507390158,Audio,Horror,Isoodon obesulus,Rudolf Ondrasek,2017/05/28,1183,844
9787120877250,Audio,Horror,Hystrix indica,Leroy Jerrard,2017/05/17,1807,736
9781001314581,Audio,Horror,Cygnus buccinator,Jamal Dacks,2017/12/09,1150,27
9781265467902,Audio,Horror,Tadorna tadorna,Dena Horney,2017/12/18,1344,682
9781751386500,Audio,Horror,Tursiops truncatus,Gary MacDaid,2018/02/23,1616,1360
9782865171395,Audio,Horror,Varanus salvator,Sheila Wigmore,2017/08/22,1756,603
9783399187260,Audio,Horror,Spilogale gracilis,Darice Pamment,2018/02/17,1790,1311
9785301249606,Audio,Horror,Centrocercus urophasianus,Melisent Flaonier,2018/03/23,1070,388
9783392692362,Audio,Horror,Charadrius tricollaris,Alane Cornew,2017/09/18,1183,247
9780889905594,Audio,Horror,Alectura lathami,Charla Sinkins,2018/01/12,1621,1349
9784443911322,Audio,Horror,Gyps bengalensis,Jessalyn Cridlon,2018/03/22,1321,259
9781669824269,Audio,Horror,Ardea cinerea,Naomi Wones,2018/02/22,1647,69
9789961483265,Audio,Horror,Capreolus capreolus,Roxi O'Lenane,2018/01/13,1698,1190
9784870658924,Audio,Horror,Fregata magnificans,Yevette Kos,2017/05/19,1047,1414
9787548424656,Audio,Horror,Hymenolaimus malacorhynchus,Mimi Macrae,2018/01/12,1712,1429
9784235977584,Audio,Horror,Ciconia episcopus,Randal Hassen,2017/10/21,1714,457
9784420879439,Audio,Horror,Dasyprocta leporina,Lanni Gerrelts,2018/01/26,1309,187
9784562142076,Audio,Horror,Mungos mungo,Mandel Kinnaird,2018/03/12,1017,347
9788622916607,Audio,Horror,Ninox superciliaris,Grayce Scudder,2017/11/29,1230,886
9788259210437,Audio,Horror,Genetta genetta,Cyndie Carik,2017/10/23,1212,289
9785026061357,Audio,Horror,Ctenophorus ornatus,Mercy Neighbour,2017/08/09,1022,82
9784907609803,Audio,Horror,Gyps bengalensis,Kienan Robert,2017/04/01,1834,1056
9788837864335,Audio,Horror,unavailable,Ysabel Goldston,2017/08/22,1001,202
9781980327149,Audio,Horror,Eudromia elegans,Damara Scheffler,2017/07/27,1378,462
9785041600084,Audio,Horror,Mirounga angustirostris,Kellie Wyne,2017/11/29,1943,141
9784925269227,Audio,Horror,Picoides pubescens,Hersch Greendale,2017/06/19,1790,698
9786063605048,Audio,Horror,Alopex lagopus,Ritchie Griffitt,2017/11/06,1331,809
9787376146653,Audio,Horror,Orcinus orca,Jeth Monketon,2017/08/05,1999,1403
9785933552797,Audio,Horror,Thylogale stigmatica,Sandy Turtle,2017/07/18,1278,1188
9781544908570,Audio,Horror,Sagittarius serpentarius,Letty Semor,2017/05/13,1281,963
9781869022232,Audio,Horror,Mungos mungo,Junina Haulkham,2017/12/06,1378,1174
9786286512813,Audio,Horror,Cacatua tenuirostris,Dela Fyfield,2018/03/18,1748,1385
9786112311338,Audio,Horror,Bassariscus astutus,Giorgi Dolphin,2017/05/26,1583,924
9782122637396,Audio,Horror,Paraxerus cepapi,Bryn O'Doherty,2017/04/08,1108,472
9787606535329,Audio,Horror,Ammospermophilus nelsoni,Haskell Crookston,2017/06/26,1530,376
9786096619648,Audio,Horror,Uraeginthus bengalus,Cecilla Groocock,2017/11/26,1775,1031
9787608937326,Audio,Horror,Phasianus colchicus,Lexine Comerford,2018/03/19,1565,327
9789364493999,Audio,Horror,Lamprotornis nitens,Lon Rummer,2018/02/27,1747,578
9781775400111,Audio,Horror,Phaethon aethereus,Robinette Telford,2018/01/28,1222,135
9783773371395,Audio,Horror,Lycaon pictus,Bobbye Wiersma,2018/03/16,1297,612
9785738032021,Audio,Horror,Lepus arcticus,Johanna Wraxall,2017/08/02,1142,1361
9785971420988,Audio,Horror,Felis rufus,Monty Anthony,2017/09/18,1603,1371
9783301967975,Audio,Horror,Vulpes vulpes,Rupert Bullent,2017/11/12,1681,800
9786172996391,Audio,Horror,Otaria flavescens,Richart Ranking,2017/06/17,1071,1407
9780317378269,Audio,Horror,Echimys chrysurus,Herbie Lartice,2017/04/08,1779,54
9786074015812,Audio,Horror,Oncorhynchus nerka,Ryann Jacquot,2017/11/19,1235,172
9783484315951,Audio,Horror,Phalacrocorax albiventer,Gena Dorr,2017/04/14,1470,1363
9783127850398,Audio,Horror,Scolopax minor,Cicely McArt,2018/02/13,1355,313
9784762604595,Audio,Horror,Megaderma spasma,Loraine Heball,2017/06/15,1476,1206
9780745195497,Audio,Horror,Turtur chalcospilos,Esma Pymm,2017/04/10,1753,1181
9785765347455,Audio,Horror,Bubalus arnee,Jamill Littley,2017/07/12,1565,317
9784461237200,Audio,Horror,Mirounga angustirostris,Valeria Harfleet,2017/11/17,1828,1097
9788880948722,Audio,Horror,Felis wiedi or Leopardus weidi,Addison Matthias,2017/04/01,1159,177
9784222388073,Audio,Horror,Uraeginthus granatina,Levi Allabush,2017/04/12,1172,653
9784773296288,Audio,Horror,Tamiasciurus hudsonicus,Hedwiga Dumbreck,2017/09/15,1362,391
9787389659394,Audio,Horror,Marmota monax,Cherri Bouldon,2017/06/08,1987,626
9788133633020,Audio,Horror,Butorides striatus,Beltran Orrin,2017/08/01,1234,996
9781886847909,Audio,Horror,Bugeranus caruncalatus,Nelson Evangelinos,2018/02/02,1748,1150
9788839815933,Audio,Horror,Eudyptula minor,Laurene Franies,2017/06/05,1125,711
9787435335048,Audio,Horror,Phalacrocorax niger,Angeli Bolsteridge,2017/05/23,2006,101
9784442001851,Audio,Horror,Capreolus capreolus,Ryun Bellini,2017/09/19,1184,1476
9784721235229,Audio,Horror,Pytilia melba,Richie Coverdale,2018/02/15,1771,1417
9785321957241,Audio,Horror,Odocoilenaus virginianus,Giacobo Rothwell,2017/05/06,1465,1336
9786583672525,Audio,Horror,Kobus defassa,Jarrett Surgen,2018/03/06,1440,259
9782718310473,Audio,Horror,Spilogale gracilis,Valerie Widdowes,2018/03/09,1948,371
9784357122105,Audio,Horror,Balearica pavonina,Granthem Simper,2018/01/15,1690,732
9789357930871,Audio,Horror,Cygnus atratus,Nial Ryal,2017/12/28,1874,631
9783904132352,Audio,Horror,Tenrec ecaudatus,Melisandra Eglington,2017/09/01,1175,1084
9782736433994,Audio,Horror,Varanus sp.,Alano Stinton,2017/09/24,1252,1397
9780117808510,Audio,Horror,Streptopelia senegalensis,Sherman McBryde,2018/01/13,1538,582
9784701747018,Audio,Horror,Anas platyrhynchos,Addy Hindge,2018/03/22,1949,517
9786271673646,Audio,Horror,Aonyx cinerea,Aurie Maple,2017/08/27,1230,1495
9784647947858,Audio,Horror,Trichoglossus chlorolepidotus,Suzi L'Episcopio,2017/06/21,1068,390
9787099056537,Audio,Horror,Varanus sp.,Agnese Ivermee,2017/08/20,1740,651
9782683943749,Audio,Horror,Mabuya spilogaster,Shannon Test,2017/06/12,1434,1429
9782849633756,Audio,Horror,Colobus guerza,Tilda Dyer,2017/12/25,1680,1395
9786524590698,Audio,Horror,Buteo galapagoensis,Lev Fullman,2017/09/07,1314,782
9784540789643,Audio,Horror,Coluber constrictor,Chicky Prantl,2017/10/25,1142,1330
9785011249759,Audio,Horror,Manouria emys,Padriac Salman,2017/12/09,1613,1190
9788302871407,Audio,Horror,Canis lupus,Dillie Priver,2017/07/07,1737,1211
9783448137817,Audio,Horror,Gyps bengalensis,Eugenio Howling,2018/03/17,1760,1368
9784531687083,Audio,Horror,Papio ursinus,Judye Lapish,2018/02/13,1829,1054
9787984102536,Audio,Horror,Larus dominicanus,Marabel Truran,2017/10/15,1095,408
9785317084111,Audio,Horror,Phalaropus lobatus,Nanice Petford,2018/03/16,1134,1268
9782687036235,Audio,Horror,Spermophilus tridecemlineatus,Robyn Ghilks,2017/07/16,1801,499
9789239678700,Audio,Horror,Callipepla gambelii,Quincy Eastman,2017/05/10,1870,1390
9782202553435,Audio,Horror,Isoodon obesulus,Dara Dyble,2017/06/08,1349,34
9784413396136,Audio,Horror,Kobus defassa,Ariela Hackett,2017/08/08,1646,1062
9787650839038,Audio,Horror,Alcelaphus buselaphus caama,Ethyl Casbourne,2017/12/21,1535,609
9789067752980,Audio,Horror,Corvus albicollis,Cece Christophle,2017/07/31,1146,1042
9783388889755,Audio,Horror,Halcyon smyrnesis,Caro Follacaro,2018/02/04,1602,376
9781970654799,Audio,Horror,Phasianus colchicus,Pammy Bere,2018/02/18,1789,996
9782026077589,Audio,Horror,Tragelaphus strepsiceros,Hollie Hehir,2017/08/24,1991,398
9781689445243,Audio,Horror,Uraeginthus bengalus,Kele Totterdill,2017/12/18,1202,215
9786278864863,Audio,Horror,Zalophus californicus,Raddy Mandell,2017/05/23,1155,458
9789224740643,Audio,Horror,Chlidonias leucopterus,Skylar Harrowing,2018/03/11,1442,1446
9786366518938,Audio,Horror,Bison bison,Ev Baumber,2017/10/29,1462,920
9787010985955,Audio,Horror,Odocoilenaus virginianus,Roley Baldocci,2018/01/20,1080,561
9782732021325,Audio,Horror,Macropus agilis,Allison MacCaughey,2017/06/07,1833,1106
9786589395085,Audio,Horror,Trachyphonus vaillantii,Esmaria Raggitt,2017/11/03,1106,519
9784235423779,Audio,Horror,Falco peregrinus,Marcie Chill,2017/12/02,1132,1470
9783243032660,Audio,Horror,Phaethon aethereus,Brig Durtnall,2017/08/30,1445,558
9789905075956,Audio,Horror,Anas bahamensis,Shantee Fermin,2017/04/30,1768,1423
9782677822370,Audio,Horror,Petaurus norfolcensis,Philippa Hiom,2017/10/23,1137,1160
9787449458456,Audio,Horror,Tayassu tajacu,Barnard Carletti,2018/03/20,1609,106
9784422816028,Audio,Horror,Rhea americana,Kori Bernhardt,2018/03/17,1002,1013
9789526626133,Audio,Horror,Bubalus arnee,Alica Skelton,2017/07/30,1400,648
9781412968786,Audio,Horror,Cereopsis novaehollandiae,Leonanie Hourahan,2017/05/16,1303,607
9780151176111,Audio,Horror,Physignathus cocincinus,Terry Kilgour,2017/09/15,1103,1330
9789967643545,Audio,Horror,Tetracerus quadricornis,Matilde Orrill,2018/01/22,1114,524
9784350857537,Audio,Horror,Phalacrocorax varius,Mordecai Dulinty,2018/03/18,1502,467
9781484337961,Audio,Horror,Capreolus capreolus,Abbey Caudrelier,2017/12/18,1449,521
9781980969396,Audio,Horror,Dusicyon thous,Urban Helleker,2018/03/04,1858,1011
9785524963809,Audio,Horror,Canis lupus,Ulrikaumeko Wiffield,2018/02/25,1707,221
9788418608995,Audio,Horror,Trachyphonus vaillantii,Nevins Cliburn,2017/08/22,1401,92
9787390564573,Audio,Horror,Amblyrhynchus cristatus,Giorgio Torbeck,2017/10/16,1624,1213
9787363157577,Audio,Horror,Bucorvus leadbeateri,Ericka Woodison,2017/11/06,1562,838
9785541958499,Audio,Horror,Bubalornis niger,Fedora Giovanizio,2017/06/13,1063,1101
9787258729605,Audio,Horror,Ardea cinerea,Giles Baselio,2017/12/15,1131,1002
9781341458093,Audio,Horror,Iguana iguana,Junina Lannin,2017/07/22,1799,675
9784526319924,Audio,Horror,Panthera leo persica,Erroll Pullin,2017/05/18,1468,180
9780889784972,Audio,Horror,unavailable,Merline Pleager,2017/06/01,1287,214
9788815794938,Audio,Horror,Nannopterum harrisi,Thurstan Dominetti,2017/09/22,1240,238
9782821037133,Audio,Horror,Ephipplorhynchus senegalensis,Arel Rothman,2017/05/14,1377,265
9783400748579,Audio,Horror,Dasypus septemcincus,Hillery Rudeyeard,2017/06/24,1800,700
9780759771549,Audio,Horror,Dusicyon thous,Murray Aubry,2017/03/27,1249,635
9783922996372,Audio,Horror,Phalacrocorax carbo,Jocelin Samworth,2017/05/21,1755,561
9781613774506,Audio,Horror,Hyaena hyaena,Ransell Roseborough,2017/08/22,1822,585
9784679535753,Audio,Horror,Anthropoides paradisea,Lindy Dutnell,2017/07/14,1190,509
9780656137676,Audio,Horror,Meles meles,Elmo Gerrit,2017/09/08,1277,729
9787446010038,Audio,Horror,Oryx gazella,Arabella Curwood,2017/08/28,1784,1032
9789215120328,Audio,Horror,Balearica pavonina,Jessey Danter,2017/07/12,1971,475
9781633184977,Audio,Horror,Anser caerulescens,Natala Folonin,2017/09/20,1636,785
9785254942914,Audio,Horror,Irania gutteralis,Sallie Youngman,2018/01/22,1348,676
9785243399050,Audio,Horror,Anthropoides paradisea,Kaspar Wulfinger,2018/02/23,1145,1017
9781648285226,Audio,Horror,Dicrurus adsimilis,Enid Paxman,2018/03/18,1684,1491
9783513971439,Audio,Horror,Parus atricapillus,Herby Blanche,2017/03/27,1221,941
9782636687610,Audio,Horror,Choriotis kori,Barbabra Bernardy,2017/07/09,1001,956
9784861395392,Audio,Horror,Bugeranus caruncalatus,Willy Dagnan,2017/04/24,1313,372
9786739952764,Audio,Horror,unavailable,Fawne Delafont,2017/10/18,1627,1352
9788909640839,Audio,Horror,Columba palumbus,Philly Wyper,2017/07/12,1113,316
9782224945681,Audio,Horror,Nasua nasua,Eldon MacUchadair,2017/04/04,1060,1112
9782022673349,Audio,Horror,Orcinus orca,Shea Callingham,2017/08/14,1242,938
9786621377198,Audio,Horror,Leptoptilus dubius,Rosette Loudon,2017/09/06,1387,659
9784071416270,Audio,Horror,Sula nebouxii,Cammy Yurenev,2017/09/24,1787,153
9784933293691,Audio,Horror,Ciconia ciconia,Libbi Rudall,2017/07/26,1224,1015
9786018005925,Audio,Horror,Macropus agilis,Aguste Reedick,2018/01/10,1495,381
9785441621829,Audio,Horror,Madoqua kirkii,Hercules Killbey,2017/12/09,1860,1122
9781243209534,Audio,Horror,Echimys chrysurus,Emmeline Lorek,2017/09/11,1662,1033
9789707032818,Audio,Horror,Merops nubicus,Virge Klausewitz,2018/02/02,1103,1344
9782098798804,Audio,Horror,Felis chaus,Wilfred Laurencot,2017/09/05,1423,1184
9785960452833,Audio,Horror,Cyrtodactylus louisiadensis,Ruy Fulham,2017/12/21,1592,1071
9782477216606,Audio,Horror,Drymarchon corias couperi,Boone Gwinnett,2018/01/02,1884,746
9782437626279,Audio,Horror,Ourebia ourebi,Katerina Schmuhl,2017/04/14,1734,1488
9781523391841,Audio,Horror,Speothos vanaticus,Tally Aspin,2018/01/06,1249,542
9789428050920,Audio,Horror,Catharacta skua,Gisele Jullian,2018/03/07,1577,891
9783265731487,Audio,Horror,Anas bahamensis,Annette Dunkinson,2017/11/27,1781,591
9782004278262,Audio,Horror,Corvus brachyrhynchos,Kaela Goodwell,2018/01/01,1046,781
9783422487822,Audio,Horror,Mellivora capensis,Klarika Crudginton,2018/03/09,1527,510
9783212161368,Audio,Horror,Felis concolor,Jorgan Bullimore,2017/04/10,1414,652
9788875544745,Audio,Horror,Lasiorhinus latifrons,Taite Livingstone,2017/09/28,1977,1114
9786442356859,Audio,Horror,Butorides striatus,Brittne Staker,2017/07/15,1948,664
9783263851776,Audio,Horror,Carduelis pinus,Bernita Schwandermann,2017/09/06,1194,1374
9780227668703,Audio,Horror,Semnopithecus entellus,Niels Spinney,2017/12/17,1234,1445
9785459968111,Audio,Horror,Francolinus leucoscepus,Alysa Riden,2017/08/25,1735,370
9783289687334,Audio,Horror,Psophia viridis,Bent Bentz,2017/06/24,1416,163
9789656362216,Audio,Horror,Ovis canadensis,Melania Davies,2017/05/11,1350,1457
9780241701660,Audio,Horror,Felis silvestris lybica,Valeria Arthur,2018/01/31,1161,1025
9786916519533,Audio,Horror,Speotyte cuniculata,Tana Whylie,2018/01/03,1458,1185
9782573491301,Audio,Horror,Sarcorhamphus papa,Pete Naish,2017/11/25,1585,232
9789798167904,Audio,Horror,Choloepus hoffmani,Carney Longhirst,2017/10/02,1471,14
9781064837337,Audio,Horror,Pycnonotus barbatus,Bryn Vasilmanov,2017/03/27,1271,306
9787671585968,Audio,Horror,unavailable,Cherry Azema,2017/05/23,1897,797
9787973788465,Audio,Horror,Papio ursinus,Ailis Lockwood,2017/05/17,1064,232
9786791041787,Audio,Horror,Geochelone radiata,Sollie Delamaine,2017/07/31,1980,1105
9787339174737,Audio,Horror,Spheniscus magellanicus,Iolande Maccree,2017/10/05,1022,890
9780617120144,Audio,Horror,Phalacrocorax albiventer,Verile Stoven,2017/11/10,1380,1339
9787688522471,Audio,Horror,Pytilia melba,Bengt Figurski,2017/12/03,1314,769
9782491590876,Audio,Horror,Varanus sp.,Margarita Krout,2017/07/27,1206,31
9783808720281,Audio,Horror,Connochaetus taurinus,Bernie Carmont,2017/09/24,1640,851
9786066094322,Audio,Horror,Actophilornis africanus,Audy Francioli,2017/06/26,1951,825
9787011676434,Audio,Horror,Casmerodius albus,Jeana Tydd,2017/08/10,1299,676
9784253353424,Audio,Horror,Phylurus milli,Marisa Pridie,2017/07/12,2003,991
9787206202246,Audio,Horror,Nyctea scandiaca,Terza Reddoch,2017/07/27,1034,320
9781427274243,Audio,Horror,Canis aureus,Alvy Impey,2018/01/25,1995,944
9789297649423,Audio,Horror,Panthera tigris,Laird Vassbender,2018/01/13,1454,448
9781010942708,Audio,Horror,Centrocercus urophasianus,Batsheva Durrett,2017/09/03,1652,673
9783211370095,Audio,Horror,Psophia viridis,Gil Lindborg,2017/11/19,1509,1019
9782298610076,Audio,Horror,Mirounga angustirostris,Farr Deville,2017/12/22,1892,278
9781409624694,Audio,Horror,Gabianus pacificus,June Bean,2017/05/01,1376,502
9785704536571,Audio,Horror,Thalasseus maximus,Findlay Wince,2018/01/25,1311,1179
9781491045006,Audio,Horror,Speotyte cuniculata,Alexis Grassin,2017/05/22,1949,546
9786992995569,Audio,Horror,Cacatua tenuirostris,Omar Grindrod,2018/02/17,1127,222
9783586079592,Audio,Horror,Panthera leo,Brianna Dalrymple,2017/06/20,1784,68
9782640880283,Audio,Horror,Zonotrichia capensis,Man O'Bradane,2017/05/12,1103,771
9787306769852,Audio,Horror,Dacelo novaeguineae,Katinka Suller,2018/02/21,1906,885
9787207029234,Audio,Horror,Diomedea irrorata,Bert Wohlers,2018/03/23,1347,503
9785371123407,Audio,Horror,Aonyx capensis,Rebekkah Fligg,2018/01/14,1893,1169
9784850514442,Audio,Horror,Eumetopias jubatus,Nikolas De Francisci,2017/04/14,1448,458
9789936188557,Audio,Horror,Terathopius ecaudatus,Zena Groucutt,2018/01/13,1841,928
9783488756677,Audio,Horror,Arctogalidia trivirgata,Germayne Matchett,2018/02/02,1585,722
9783984261251,Audio,Horror,Trachyphonus vaillantii,Heidi Burrow,2017/06/03,1691,361
9786905164310,Audio,Horror,Petaurus norfolcensis,Daria Kruschev,2017/04/11,1277,367
9789845880935,Audio,Horror,Bucephala clangula,Calla Debrick,2017/03/29,1942,507
9780851823585,Audio,Horror,Psittacula krameri,Rick Caple,2017/08/10,1732,1434
9783974597234,Audio,Horror,Tockus flavirostris,Kevin Lebourn,2017/07/22,1317,853
9785779874718,Audio,Horror,Eremophila alpestris,Harlan Bugdell,2017/11/18,1771,895
9782883997791,Audio,Horror,Ratufa indica,Pauletta Chown,2017/12/17,1207,1088
9784478029572,Audio,Horror,Priodontes maximus,Ancell Capaldo,2017/05/31,1120,637
9781841257202,Audio,Horror,Hystrix indica,Malynda Humerstone,2017/06/11,1863,10
9789157218476,Audio,Horror,Alligator mississippiensis,Mata Bromidge,2017/09/24,1207,724
9780019214520,Audio,Horror,Carduelis uropygialis,Valina Wiz,2017/12/15,1777,320
9784886610160,Audio,Horror,Merops nubicus,Brenna Gabbett,2017/08/13,1621,744
9781650967242,Audio,Horror,Ciconia ciconia,Cortie Hudson,2017/08/21,1711,866
9785767933096,Audio,Horror,Rhea americana,Germain Costock,2017/05/09,1893,201
9785096309132,Audio,Horror,Dasyprocta leporina,Norma Maneylaws,2018/03/05,1884,1351
9786683866503,Audio,Horror,Pelecans onocratalus,Candi Strange,2017/12/31,1755,34
9786079729681,Audio,Horror,Otocyon megalotis,Tannie Hazael,2017/09/26,1146,418
9783398968639,Audio,Horror,Macropus eugenii,Devonna Kleynen,2017/04/06,1609,1372
9786539603541,Audio,Horror,Cygnus atratus,Ericha Rabidge,2018/01/30,1483,8
9780172685775,Audio,Horror,Connochaetus taurinus,Betteanne Barthelemy,2017/09/21,1074,609
9780453037387,Audio,Horror,Phoenicopterus ruber,Burnard Bussens,2018/03/16,1452,332
9787746834931,Audio,Horror,Laniarius ferrugineus,Emmye Hasell,2017/09/17,1840,394
9784855925858,Audio,Horror,Theropithecus gelada,Gaye Le Lievre,2017/10/01,1571,257
9782735645928,Audio,Horror,Bugeranus caruncalatus,Arni Ethington,2018/02/15,1127,230
9781257424870,Audio,Horror,Panthera leo persica,Randolph Grob,2017/07/26,1521,1253
9781291743624,Audio,Horror,Zenaida galapagoensis,Karolina Goley,2017/04/05,1334,607
9787732661882,Audio,Horror,Macaca mulatta,Genovera Corwin,2018/02/23,1867,466
9789354327242,Audio,Horror,Dendrocitta vagabunda,Timmie Amey,2017/08/14,1048,93
9782316798655,Audio,Horror,Dendrocygna viduata,Brennen Laite,2017/08/28,1477,799
9784554898815,Audio,Horror,Cygnus atratus,Efrem Arnould,2018/01/26,1642,890
9781074916834,Audio,Horror,Pelecans onocratalus,Huey Bothe,2017/10/06,1224,595
9781507331039,Audio,Horror,Suricata suricatta,Godart MacArdle,2017/12/02,1172,153
9781090955305,Audio,Horror,Tachybaptus ruficollis,Benetta Jervois,2017/11/01,1854,622
9785106300297,Audio,Horror,Pteronura brasiliensis,Elizabeth Gerritsma,2018/03/16,2002,1473
9786076046691,Audio,Horror,Phacochoerus aethiopus,Clemmy O'Hartnett,2017/05/09,1435,626
9789703955663,Audio,Horror,Estrilda erythronotos,Saxon Carnachen,2017/10/25,1287,410
9786468647512,Audio,Horror,Pteropus rufus,Marleen Tanby,2017/06/13,1235,710
9782483455287,Audio,Horror,Stercorarius longicausus,Benji Acott,2017/11/22,1668,1200
9783790573017,Audio,Horror,Ciconia ciconia,Antin Anthona,2017/06/05,1182,877
9783699241045,Audio,Horror,Plectopterus gambensis,Lizette Coate,2017/07/21,1847,190
9786415842558,Audio,Horror,Grus canadensis,Sianna Coom,2017/04/03,1583,930
9787933253612,Audio,Horror,Crotalus cerastes,Jodie Sherlaw,2017/08/19,1790,47
9784532697765,Audio,Horror,Antechinus flavipes,Melisent Bouzan,2017/06/09,1496,1206
9787920742844,Audio,Horror,Cacatua tenuirostris,Kit Sainsbury-Brown,2017/05/05,1626,1279
9781967021008,Audio,Horror,Papilio canadensis,Tate Gherardesci,2017/04/21,1637,1434
9783718479295,Audio,Horror,Ara macao,Rafaellle Churn,2017/04/18,1535,85
9785417780356,Audio,Horror,Gyps fulvus,Lucia Stains,2017/05/13,1078,1162
9788749059823,Audio,Horror,Papio cynocephalus,Mariam Chamney,2017/10/26,1628,917
9789318917288,Audio,Horror,Capra ibex,Roddie Sedger,2017/05/24,1246,813
9783943039206,Audio,Horror,Coluber constrictor,Winona Shaw,2017/09/25,1648,353
9784215438337,Audio,Horror,Canis lupus,Maybelle Billam,2017/05/30,1907,274
9789770953869,Audio,Horror,Bubalus arnee,Normand Zisneros,2017/10/05,1144,296
9787366313625,Audio,Horror,Spheniscus magellanicus,Elmore Rolles,2017/07/27,1681,411
9781395584511,Audio,Horror,Lycosa godeffroyi,Dee dee Carty,2017/04/26,1992,70
9782570831622,Audio,Horror,Bubalornis niger,Lammond Randal,2018/03/11,1453,1192
9780321367619,Audio,Horror,Threskionis aethiopicus,Dani Wilton,2018/02/15,1192,1207
9787544236394,Audio,Horror,Pseudoleistes virescens,Drusilla Clows,2017/07/02,1186,741
9787922189012,Audio,Horror,Petaurus norfolcensis,Alexandr Strain,2017/08/04,1399,368
9783141344484,Audio,Horror,Cacatua tenuirostris,Neill Horrigan,2017/07/06,1015,14
9782338250212,Audio,Horror,Phascogale tapoatafa,Maison Olyff,2017/07/13,1095,381
9780458749663,Audio,Horror,Ovis dalli stonei,Deonne Brightman,2018/01/19,1720,783
9785781683463,Audio,Horror,Stercorarius longicausus,Gena Margaret,2018/03/22,1524,1395
9789840957846,Audio,Horror,Oncorhynchus nerka,Nichole Elloway,2017/07/27,1710,531
9780130631251,Audio,Horror,Ursus americanus,Franklin Heppner,2017/10/21,1806,786
9785875783521,Audio,Horror,Loris tardigratus,Bjorn German,2017/12/22,2004,1080
9789749713872,Audio,Horror,Rhea americana,Abbe Tabourier,2017/09/27,1859,786
9787199654801,Audio,Horror,Antilocapra americana,Davide Garretts,2017/04/02,1658,275
9787724740462,Audio,Horror,Tachyglossus aculeatus,Roland Enion,2017/05/19,1424,264
9789027860459,Audio,Horror,Francolinus coqui,Chevy Durnill,2017/05/22,1147,953
9784688210792,Audio,Horror,Varanus albigularis,Angus Fontenot,2017/05/29,1464,182
9789478974742,Audio,Horror,Dromaeus novaehollandiae,Glennis Mill,2017/04/30,1515,876
9788502280719,Audio,Horror,Casmerodius albus,Opalina Burberow,2017/12/05,1049,499
9783262976246,Audio,Horror,Agelaius phoeniceus,Almeria Morriarty,2017/12/03,1825,293
9780920212307,Audio,Horror,Ninox superciliaris,Nikos Philipeaux,2018/03/04,2016,389
9789726478694,Audio,Horror,Phoeniconaias minor,Brandi Tizard,2017/09/19,1467,468
9783820386292,Audio,Horror,Odocoileus hemionus,Andras Colebourn,2017/05/24,1350,1308
9783147778485,Audio,Horror,Cacatua tenuirostris,Brad Macari,2017/07/25,2013,1308
9788237984598,Audio,Horror,Ammospermophilus nelsoni,Birch Dei,2017/09/11,1975,187
9783475202763,Audio,Horror,Canis latrans,Lionello Muro,2017/04/26,1800,913
9786983898299,Audio,Horror,Milvago chimachima,Dulciana Conerding,2017/09/25,1533,898
9781105944036,Audio,Horror,Balearica pavonina,Gretal Locket,2018/02/05,1738,927
9785826359821,Audio,Horror,Milvus migrans,Daryn Baddam,2018/02/27,1935,776
9787395555642,Audio,Horror,Arctogalidia trivirgata,Jeanie Doick,2017/11/21,1806,1316
9786470621669,Audio,Horror,Colobus guerza,Maighdiln Czyz,2017/07/05,2017,1244
9781654667223,Audio,Horror,Spizaetus coronatus,Roxanna Jennaway,2017/08/27,1663,9
9786690722145,Audio,Horror,Dendrohyrax brucel,Cristal Pirolini,2017/10/16,1398,1427
9787401602519,Audio,Horror,Anthropoides paradisea,Cristabel Gemmill,2018/03/23,1976,422
9787918201453,Audio,Horror,Sagittarius serpentarius,Francine Saxelby,2017/05/21,1632,1415
9781274981667,Audio,Horror,Tayassu tajacu,Meggy De Dei,2017/04/09,1116,159
9786488188349,Audio,Horror,Rhabdomys pumilio,Woodie Arnaez,2017/09/07,1652,276
9788806902450,Audio,Horror,Hystrix cristata,Chrystal Everson,2017/10/03,1874,1099
9780812774723,Audio,Horror,Cygnus atratus,Marcelia Paule,2017/11/20,1888,971
9785408767416,Audio,Horror,Alopex lagopus,Austin Dragge,2017/06/17,1356,1170
9782938585193,Audio,Horror,Dusicyon thous,Rand Closs,2017/11/07,1101,206
9780429640049,Audio,Horror,Boa caninus,Ware Insko,2018/02/15,1838,1249
9783908482020,Audio,Horror,Francolinus swainsonii,Ardella Thomkins,2017/07/03,1484,400
9787131956718,Audio,Horror,Oxybelis sp.,Dan Witton,2017/09/17,1127,1057
9786609448780,Audio,Horror,Sus scrofa,Sergei Brislane,2017/09/27,1530,1220
9780756019437,Audio,Horror,Vulpes vulpes,Goldie Bury,2017/07/09,1986,1333
9780442191383,Audio,Horror,Eubalaena australis,Artie Featherstonhalgh,2017/05/20,1001,238
9782749363645,Audio,Horror,Francolinus coqui,Renault Blakeden,2017/05/29,1295,371
9784365725155,Audio,Horror,Centrocercus urophasianus,Auria Hubble,2018/01/30,1828,345
9786022358791,Audio,Horror,Crotalus cerastes,Corilla MacKellar,2018/02/04,1567,914
9784612189172,Audio,Horror,Acridotheres tristis,Kendal Ussher,2017/11/12,1078,860
9780098152221,Audio,Horror,Haliaeetus leucoryphus,Reider Crawcour,2017/12/22,1742,805
9782277477716,Audio,Horror,Phalaropus lobatus,Florance Grover,2017/11/23,1960,298
9784466117649,Audio,Horror,Callipepla gambelii,Katharine Penman,2017/05/18,1111,704
9782417583149,Audio,Horror,Trachyphonus vaillantii,Mathew Simkovitz,2017/05/17,1336,352
9788271782343,Audio,Horror,Globicephala melas,Irwinn Fairhurst,2017/08/11,1085,1448
9789384435534,Audio,Horror,Phoenicopterus chilensis,Olva Jurgensen,2017/07/12,1286,96
9787725016022,Audio,Horror,Physignathus cocincinus,Mei Gutteridge,2017/04/28,1355,1027
9789476810044,Audio,Horror,Gyps bengalensis,Kaitlyn Kennedy,2017/04/03,1642,1206
9786031485189,Audio,Horror,Echimys chrysurus,Tris Jesteco,2018/02/15,1720,885
9783683982638,Audio,Horror,Varanus albigularis,Abran Lembcke,2018/02/23,1822,482
9780326897684,Audio,Horror,Felis caracal,Dacy Enterle,2017/12/30,1097,915
9788531369281,Audio,Horror,Haliaetus leucogaster,Valeda Bullick,2017/11/09,2009,106
9787590695360,Audio,Horror,Spizaetus coronatus,Kris Hadley,2017/09/10,1171,1376
9787706982496,Audio,Horror,Buteo jamaicensis,Truman McAlpine,2017/07/16,1885,1340
9780290015931,Audio,Horror,Spheniscus mendiculus,Shantee Butfield,2018/02/07,1635,1154
9789700718105,Audio,Horror,Pavo cristatus,Penrod Vallens,2017/10/30,1365,755
9783252617070,Audio,Horror,Antechinus flavipes,Michal Morena,2017/12/08,1388,1434
9785905863773,Audio,Horror,Butorides striatus,Yulma Vanichkov,2017/08/13,1328,1436
9785361287539,Audio,Horror,Ploceus rubiginosus,Mata McGibbon,2018/02/11,1485,1184
9787288959996,Audio,Horror,Bos mutus,Carlo Piers,2017/12/01,1537,1103
9787102193880,Audio,Horror,Pteronura brasiliensis,Buffy Goatman,2017/12/08,1371,928
9781599201988,Audio,Horror,Pterocles gutturalis,Christos Maddern,2017/05/31,1232,966
9783002925488,Audio,Horror,Hyaena hyaena,Doyle Haliday,2017/12/22,1640,1234
9782136360940,Audio,Horror,Tachybaptus ruficollis,Zsa zsa Southwood,2017/04/02,1595,522
9783567325084,Audio,Horror,Genetta genetta,Freedman Jansky,2017/08/10,1345,1268
9782711305703,Audio,Horror,Speothos vanaticus,Edee Olczyk,2017/04/08,1850,992
9783508154854,Audio,Horror,Cygnus buccinator,Joleen Kirvell,2018/02/04,1782,584
9780837240583,Audio,Horror,Calyptorhynchus magnificus,Jeanine Mathissen,2018/03/23,1342,540
9785237391733,Audio,Horror,Isoodon obesulus,Annabela Halden,2017/11/13,1247,1090
9785509972751,Audio,Horror,Varanus salvator,Tatum Keeffe,2017/07/04,1900,1214
9782097585836,Audio,Horror,Bassariscus astutus,Edgard Pugsley,2017/07/07,1583,1281
9788867212471,Audio,Horror,Gopherus agassizii,Addison Popeley,2017/06/22,1537,858
9780488260806,Audio,Horror,Leptoptilos crumeniferus,Spencer Pineaux,2017/09/23,1968,593
9788942808451,Audio,Horror,Spermophilus armatus,Ollie Senyard,2018/01/24,1041,1006
9781402110609,Audio,Horror,Erethizon dorsatum,Steve Jubb,2017/11/16,1606,114
9789460433113,Audio,Horror,Mellivora capensis,Melodie Girault,2017/09/08,1831,1472
9789426747961,Audio,Horror,Stercorarius longicausus,Batsheva Ferran,2017/12/25,1028,626
9784274300127,Audio,Horror,Sylvicapra grimma,Cathrin Elner,2017/11/10,1721,113
9789769386273,Audio,Horror,Phalaropus fulicarius,Zebedee Pidgeon,2018/03/07,1468,1160
9781639169190,Audio,Horror,Felis concolor,Joya Borgesio,2017/12/06,1253,292
9783211144327,Audio,Horror,Coluber constrictor,Nataline Copes,2017/08/31,1614,1177
9787963572932,Audio,Horror,Ephippiorhynchus mycteria,Britni Iacovielli,2018/01/03,1061,152
9789376892701,Audio,Horror,Genetta genetta,Wood Grunguer,2017/05/12,1872,201
9785664459694,Audio,Horror,Aonyx cinerea,Elvera Baroux,2017/04/10,1706,1154
9781396483827,Audio,Horror,Manouria emys,Arin Schwand,2017/05/24,1424,1436
9786282239399,Audio,Horror,Papio cynocephalus,Sherlocke Gofton,2017/10/23,1037,1224
9782341808250,Audio,Horror,Mycteria ibis,Scarlett Dumper,2018/02/28,1663,125
9780269515300,Audio,Horror,Phalacrocorax niger,Ade Jarratt,2017/06/27,1368,12
9784354365407,Audio,Horror,Toxostoma curvirostre,Elsi Whilde,2017/05/01,1336,354
9780870962865,Audio,Horror,Dacelo novaeguineae,George Clements,2017/08/04,1065,1482
9789200266543,Audio,Horror,Phoenicopterus ruber,Lee Lownes,2017/06/15,1816,986
9783516540834,Audio,Horror,Cervus unicolor,Violette Weich,2018/02/10,1943,1478
9785368815152,Audio,Horror,Pelecanus occidentalis,Fremont Nassau,2017/10/01,1166,772
9785636550192,Audio,Horror,Tragelaphus strepsiceros,Kellina Greenhead,2018/01/24,1280,1283
9789519841628,Audio,Horror,Colobus guerza,Tuck Culligan,2017/04/22,1064,1265
9789343651614,Audio,Horror,Dasyurus maculatus,Zebulon Pegg,2017/04/30,1637,772
9780758905941,Audio,Horror,Coluber constrictor,Napoleon Linforth,2018/03/12,1797,1080
9780557190166,Audio,Horror,Uraeginthus granatina,Mannie Le Batteur,2017/09/23,1497,1455
9786880707539,Audio,Horror,Ovis canadensis,Vernor Fishley,2018/03/07,1529,450
9789202066578,Audio,Horror,Antilope cervicapra,Gayel Drewes,2018/02/22,1696,1431
9782405120800,Audio,Horror,Sula nebouxii,Grata Walsh,2017/10/24,1622,845
9786025658381,Audio,Horror,Equus hemionus,Hube Fauning,2017/09/05,1094,749
9785713849033,Audio,Horror,Mazama gouazoubira,Hermon Ksandra,2017/04/24,1507,231
9788930891497,Audio,Horror,Streptopelia senegalensis,Phaedra Baiden,2017/06/11,1631,410
9789417332838,Audio,Horror,Pavo cristatus,Adelice Hurdedge,2017/07/23,1884,599
9782447511592,Audio,Horror,Psittacula krameri,Krystalle Letchmore,2017/07/30,1491,1440
9780391957959,Audio,Horror,Paraxerus cepapi,Sibelle Cruddas,2018/02/03,1452,580
9780644080736,Audio,Horror,Chelodina longicollis,Tomas Hayley,2017/12/18,1771,405
9785390647827,Audio,Horror,unavailable,Farra Scardafield,2017/05/24,1344,863
9789802751516,Audio,Horror,Cebus albifrons,Christina Uren,2017/08/08,1461,1016
9780282880468,Audio,Horror,Suricata suricatta,Faulkner Dugald,2018/02/28,1080,107
9787834301311,Audio,Horror,Cynomys ludovicianus,Laina Crowche,2017/12/13,1757,35
9783988893854,Audio,Horror,Equus burchelli,Briant Birrane,2017/05/15,1420,715
9784678103529,Audio,Horror,Mazama americana,Kimberly Shmyr,2017/08/05,1280,1250
9782546275692,Audio,Horror,Dasypus septemcincus,Corbie MacConnel,2017/07/12,1134,1028
9781623074937,Audio,Horror,Alopochen aegyptiacus,Jory Coleyshaw,2018/02/26,1488,703
9780230200249,Audio,Horror,Chlamydosaurus kingii,Lisle Fradson,2018/01/05,1132,113
9785171799165,Audio,Horror,Cygnus atratus,Sunny Duplock,2018/01/01,1608,355
9784180254257,Audio,Horror,Rangifer tarandus,Odey Fancott,2017/10/15,1462,1096
9788648563097,Audio,Horror,Neophoca cinerea,Mikey Mosconi,2017/04/06,1500,664
9787321739804,Audio,Horror,Ovibos moschatus,Claybourne Dampier,2017/06/24,1049,214
9787231482077,Audio,Horror,Ctenophorus ornatus,Ahmad Matyas,2018/01/03,1734,1225
9787108869411,Audio,Horror,Conolophus subcristatus,Ardith Riden,2018/01/12,1952,528
9788225853598,Audio,Horror,Branta canadensis,Juline Fisby,2018/01/31,1785,952
9786920776481,Audio,Horror,Orcinus orca,Wilt Gunningham,2017/04/05,1333,471
9785985432220,Audio,Horror,unavailable,Prent Tessyman,2017/11/16,1030,262
9789432952082,Audio,Horror,Phacochoerus aethiopus,Shem Rose,2017/09/12,1334,1336
9781848887033,Audio,Horror,Rhabdomys pumilio,Blanche Lasty,2018/03/13,1806,724
9789986017829,Audio,Horror,Galago crassicaudataus,Pauli Williamson,2017/09/23,1426,743
9785325030265,Audio,Horror,Leipoa ocellata,Eran Habergham,2018/03/19,1244,1475
9788270311876,Audio,Horror,Lemur catta,Trude Ziems,2017/12/17,1670,95
9787539650017,Audio,Horror,Raphicerus campestris,Prisca Hanley,2018/03/23,1935,1228
9788958362216,Audio,Horror,Corvus brachyrhynchos,Milty Carcass,2017/08/14,1592,1218
9780882932133,Audio,Horror,Colobus guerza,Kora Crosfield,2017/06/22,1206,1442
9786738671473,Audio,Horror,unavailable,Ryun Huyche,2017/08/27,1407,1188
9788697035569,Audio,Horror,Marmota caligata,Field Claque,2017/06/27,1486,463
9786916339466,Audio,Horror,Streptopelia senegalensis,Dukie Cregan,2018/03/26,1470,1089
9782980719213,Audio,Horror,Libellula quadrimaculata,Nicole Filintsev,2017/05/21,1349,415
9782937577460,Audio,Horror,Ursus maritimus,Joyous Chastan,2017/09/02,1179,544
9788899771359,Audio,Horror,Gymnorhina tibicen,Emery Haugh,2017/06/03,2006,1088
9789355950478,Audio,Horror,Sciurus vulgaris,Arley Tibald,2017/08/06,1856,392
9783511885099,Audio,Horror,Agkistrodon piscivorus,Lilly Brasted,2017/09/21,1357,597
9785984106356,Audio,Horror,Paradoxurus hermaphroditus,Logan Bugdall,2017/11/24,1656,799
9788522197258,Audio,Horror,Antilocapra americana,Woodie Coath,2017/07/03,1819,188
9780422303194,Audio,Horror,Papilio canadensis,Ernesta Jennions,2017/07/14,1451,156
9781193871105,Audio,Horror,Felis concolor,Shane Cadle,2017/04/20,1049,1147
9780031324696,Audio,Horror,Panthera pardus,Gussi Every,2017/05/02,1174,681
9786573968936,Audio,Horror,Chamaelo sp.,Bettine Flann,2018/02/01,1922,1043
9782255060724,Audio,Horror,Lepus arcticus,Daniele Plevin,2017/11/17,1839,1396
9781392470883,Audio,Horror,Felis libyca,Ruby Emmott,2017/12/12,1375,127
9781920734880,Audio,Horror,Cebus nigrivittatus,Ev Nolan,2017/10/04,1041,1048
9789858382519,Audio,Horror,Butorides striatus,Toinette Bellin,2017/06/07,1457,577
9780850445719,Audio,Horror,Philetairus socius,Charita Fumagallo,2017/12/10,1544,1439
9786544486078,Audio,Horror,Macaca fuscata,Ber Rawne,2018/01/18,1250,1170
9783884071979,Audio,Horror,Spheniscus mendiculus,Mill Galletly,2018/01/26,1565,651
9784366741584,Audio,Horror,Vanellus armatus,Herbert Beekmann,2017/06/09,1662,97
9789380020030,Audio,Horror,Bubalus arnee,Nickolaus Luscott,2017/12/09,1224,258
9787552853757,Audio,Horror,Dasypus septemcincus,Vilma Abbay,2017/07/15,1127,810
9783444480103,Audio,Horror,Colobus guerza,Ronna Luckey,2017/08/24,2003,1205
9789832264885,Audio,Horror,Chauna torquata,Lennard Carstairs,2018/03/20,1360,1255
9783326500962,Audio,Horror,Limosa haemastica,Oliy Bedingfield,2017/08/16,1505,9
9782171763922,Audio,Horror,Nannopterum harrisi,Dolli Weedon,2017/08/28,1735,1398
9783249473790,Audio,Horror,Trichoglossus haematodus moluccanus,Udall Farrant,2017/05/26,1887,804
9782822987414,Audio,Horror,Castor fiber,Agnesse Dudeney,2017/12/24,1655,190
9784294484801,Audio,Horror,Tockus flavirostris,Ingrim Killigrew,2017/06/01,1854,1183
9784091964490,Audio,Horror,Otocyon megalotis,Glen Gartell,2017/09/01,1045,1384
9785045690237,Audio,Horror,Geochelone radiata,Kirk Selcraig,2017/08/16,1378,128
9782971001013,Audio,Horror,Canis aureus,Archibald Belshaw,2017/07/06,1901,1486
9787060861765,Audio,Horror,Heloderma horridum,Letitia Pankethman,2018/01/05,1461,812
9783722298223,Audio,Horror,Merops nubicus,Rebbecca Lathee,2017/08/13,1323,761
9785748445348,Audio,Horror,Ciconia ciconia,George Loiterton,2017/09/15,1569,815
9785768968515,Audio,Horror,Orcinus orca,Brandon Wieprecht,2018/02/21,1224,285
9784192236801,Audio,Horror,Bubalus arnee,Bailey Plunkett,2017/12/25,1132,410
9784233824366,Audio,Horror,Bradypus tridactylus,Denis Cadlock,2017/05/24,1039,1418
9783677369878,Audio,Horror,Speothos vanaticus,Philippine Kimblin,2017/07/22,1445,1016
9784013070524,Audio,Horror,unavailable,Normy Maron,2017/12/30,1566,484
9783391779829,Audio,Horror,Francolinus leucoscepus,Anabella Averay,2017/06/01,2015,1411
9780109157112,Audio,Horror,Casmerodius albus,Zaneta Romi,2018/03/18,1420,431
9784956707180,Audio,Horror,Ardea cinerea,Warden Ivakin,2017/12/31,1485,1361
9784373679215,Audio,Horror,Gekko gecko,Cob Struther,2018/02/25,1787,1049
9783569479263,Audio,Horror,Paraxerus cepapi,Jaymie Labbey,2017/12/29,1736,139
9782505264768,Audio,Horror,Paroaria gularis,Jazmin Tournay,2017/11/07,1587,1348
9781984943055,Audio,Horror,Tadorna tadorna,Fabien Stennett,2017/12/02,1192,862
9783023074840,Audio,Horror,Corvus brachyrhynchos,Hobart Gregolotti,2017/12/31,1874,1443
9783403123345,Audio,Horror,Eremophila alpestris,Dieter Hulcoop,2017/10/10,1967,799
9788502618298,Audio,Horror,Dasyurus maculatus,Lezlie Rorke,2017/09/10,1929,1389
9785768328097,Audio,Horror,Thamnolaea cinnmomeiventris,Layne Sweetsur,2017/11/28,1851,1493
9782745047776,Audio,Horror,Podargus strigoides,Tate Vasyunichev,2018/02/16,1809,883
9784278039381,Audio,Horror,Manouria emys,Rebbecca Caesman,2017/10/30,1395,1208
9785941825491,Audio,Horror,Stercorarius longicausus,Shermie Dell Casa,2017/04/11,1861,1413
9787878122639,Audio,Horror,Haliaetus leucogaster,Bradney Crasford,2018/02/16,1653,331
9782534659801,Audio,Horror,Grus rubicundus,Kristien Blaszkiewicz,2018/01/24,1776,888
9789186381937,Audio,Horror,Theropithecus gelada,Brynn Woodson,2017/09/04,1831,1121
9789272652281,Audio,Horror,Lophoaetus occipitalis,Nola Linfitt,2017/05/19,1363,583
9788099554071,Audio,Horror,Equus burchelli,Tymothy Gritsaev,2018/01/05,1868,956
9787385408502,Audio,Horror,Gorilla gorilla,Harper Korneichik,2018/02/17,1188,842
9789599824261,Audio,Horror,Cordylus giganteus,Ludovika Sterman,2017/10/03,1596,339
9782531864705,Audio,Horror,Oreotragus oreotragus,Josselyn Gilkison,2018/01/26,1294,356
9789409202442,Audio,Horror,Pseudoleistes virescens,Sharai Winterton,2018/01/29,1103,104
9783070148468,Audio,Horror,Castor canadensis,Davidde Meeson,2017/09/04,1476,46
9787466049047,Audio,Horror,Macropus giganteus,Maitilde Lode,2018/01/19,1386,304
9784032831062,Audio,Horror,Panthera leo persica,Tammy Adelman,2017/06/09,1163,981
9788873381876,Audio,Horror,Dasyurus viverrinus,Johann Huntar,2017/08/27,1009,1008
9782743479918,Audio,Horror,Nasua nasua,Jessica Van den Velde,2017/05/12,1472,1498
9786926004847,Audio,Horror,unavailable,Annabal Follows,2018/03/04,1500,456
9782719043918,Audio,Horror,Felis rufus,Daryl Petrolli,2017/12/08,1157,361
9780000746418,Audio,Horror,Centrocercus urophasianus,Chrysler Maplestone,2018/03/26,1589,1060
9781530348286,Audio,Horror,Castor fiber,Gaby Yurkin,2017/05/29,1294,849
9784177898763,Audio,Horror,Zalophus californicus,Derry Paoletto,2017/05/02,1120,250
9781331960565,Audio,Horror,Semnopithecus entellus,Patti Reast,2017/12/09,1335,1326
9783282981049,Audio,Horror,Loxodonta africana,Scarlett Climpson,2018/02/24,1168,1042
9787282259375,Audio,Horror,Coendou prehensilis,Isaak Milburne,2017/07/16,1584,432
9781693695644,Audio,Horror,Columba palumbus,Cedric Ferri,2017/08/15,1936,1324
9780339728006,Audio,Horror,Stenella coeruleoalba,Auberon Lory,2018/03/18,1801,1055
9782282504853,Audio,Horror,Anser caerulescens,Russ Japp,2017/06/01,1284,22
9785422817000,Audio,Horror,Canis latrans,Adriena Keyse,2017/07/13,1922,75
9783996220549,Audio,Horror,Dasyurus maculatus,Mirabelle Qusklay,2018/02/02,1286,232
9787519686141,Audio,Horror,Kobus defassa,Kara-lynn Vine,2017/04/17,1591,927
9787567499082,Audio,Horror,Buteo jamaicensis,Corie Plunkett,2017/08/11,1858,1169
9789034087160,Audio,Horror,Acrobates pygmaeus,Dunc Stothert,2018/03/21,1997,1124
9784840791849,Audio,Horror,Aegypius occipitalis,Keri Phelp,2018/03/02,1512,528
9786589596208,Audio,Horror,Rhabdomys pumilio,Edlin Lauga,2017/09/18,1813,175
9789827048423,Audio,Horror,Manouria emys,Locke Muschette,2018/03/13,1189,1404
9784803981315,Audio,Horror,Tamandua tetradactyla,Teressa Keppel,2017/06/03,1752,428
9785421209297,Audio,Horror,Sula dactylatra,Padraig Millgate,2017/07/27,1818,1194
9784071068882,Audio,Horror,Ploceus intermedius,Esma Penswick,2017/11/03,1638,1425
9781025119233,Audio,Horror,Sterna paradisaea,Sibley Picker,2018/02/09,1373,1152
9780905275154,Audio,Horror,Trachyphonus vaillantii,Xever Frid,2018/02/14,1385,995
9787135856656,Audio,Horror,Capreolus capreolus,Marguerite Jacketts,2017/05/14,1478,1449
9789176495396,Audio,Horror,Choloepus hoffmani,Frans Mardell,2017/07/06,1246,761
9782596285183,Audio,Horror,Eudyptula minor,Kyla Causier,2017/10/28,1264,1356
9785679026212,Audio,Horror,Gyps bengalensis,Tobey Sainthill,2017/06/28,1471,475
9788781641561,Audio,Horror,Egretta thula,Sherm Vannuccinii,2017/09/12,1778,1193
9784670116001,Audio,Horror,Mephitis mephitis,Amata McCrohon,2017/05/09,1822,827
9781980698336,Audio,Horror,Ictonyx striatus,Magdalen Withams,2017/04/02,1974,525
9789182715221,Audio,Horror,Aonyx cinerea,Tiffanie Faulks,2017/09/24,1251,617
9787263156146,Audio,Horror,Psophia viridis,Pierre Elfleet,2017/11/29,1242,793
9783237389133,Audio,Horror,Pytilia melba,Erin Balam,2018/03/03,1830,817
9789962023169,Audio,Horror,Chlidonias leucopterus,Griffin Jobin,2018/02/15,1221,281
9783849120937,Audio,Horror,Alligator mississippiensis,Roshelle Iffland,2017/04/14,1605,964
9787295430085,Audio,Horror,Semnopithecus entellus,Cody Smeuin,2018/01/25,1027,766
9786459990619,Audio,Horror,Lamprotornis chalybaeus,Malvin Macvey,2017/07/18,1697,567
9780716673936,Audio,Horror,Semnopithecus entellus,Ingunna Coweuppe,2017/05/24,1888,367
9788864749927,Audio,Horror,Tadorna tadorna,Dion Lauridsen,2017/04/21,1764,183
9787258211059,Audio,Horror,Dusicyon thous,Reuben Cubbini,2017/05/12,1685,1133
9789964316205,Audio,Horror,Kobus defassa,Emmet Staries,2017/07/25,1443,345
9789977111579,Audio,Horror,Naja nivea,Mindy Mathiassen,2017/07/01,1521,90
9782567709991,Audio,Horror,Manouria emys,Mackenzie Malthus,2018/02/01,1608,179
9788385954867,Audio,Horror,Corvus brachyrhynchos,Monty Arend,2018/03/07,1273,1391
9784794186219,Audio,Horror,Ratufa indica,Marti Gumary,2017/05/13,1261,354
9784406690160,Audio,Horror,Halcyon smyrnesis,Walliw Grunbaum,2018/02/04,1293,674
9780158390489,Audio,Horror,Aegypius tracheliotus,Janette Teresia,2017/10/03,1401,74
9786748081052,Audio,Horror,Larus fuliginosus,Rutledge Jahncke,2017/06/10,1533,1490
9781058992583,Audio,Horror,Leptoptilus dubius,Reggi De Bernardis,2017/08/11,1748,1148
9789292899695,Audio,Horror,Herpestes javanicus,Lynnette Whetnell,2017/04/10,1173,645
9784239976493,Audio,Horror,Macropus fuliginosus,Myrle Swallwell,2017/05/01,1675,1355
9783366709934,Audio,Horror,Dasyprocta leporina,Lanie Cowles,2018/02/17,1700,1071
9788942724376,Audio,Horror,Lycosa godeffroyi,Ulysses Campos,2017/05/10,1550,820
9780451063627,Audio,Horror,Oncorhynchus nerka,Frasco Sphinxe,2017/10/29,1928,113
9788533525970,Audio,Horror,Varanus salvator,Domenic Mahy,2017/07/25,1770,123
9782478229530,Audio,Horror,Merops nubicus,Hewie Kernocke,2017/09/26,1273,624
9784985071596,Audio,Horror,Buteo regalis,Mandie Florio,2017/05/20,1988,459
9786231123247,Audio,Horror,Papio ursinus,Jarvis Lurner,2018/01/22,1469,1360
9788187874064,Audio,Horror,Funambulus pennati,Dacie MacCosto,2017/05/23,1435,24
9785656583291,Audio,Horror,Tragelaphus scriptus,Corinna Mucci,2017/09/10,2009,482
9788407999088,Audio,Horror,Crotaphytus collaris,Isidoro Mattityahou,2017/05/20,1220,265
9780773271138,Audio,Horror,Irania gutteralis,Elana Seabright,2017/12/30,1501,576
9781667427008,Audio,Horror,Ephipplorhynchus senegalensis,Marianne MacMoyer,2017/04/20,1981,319
9781103530636,Audio,Horror,Mazama gouazoubira,Normand Diglin,2017/05/08,1137,1356
9780255683230,Audio,Horror,Stercorarius longicausus,Heidi Pickup,2017/06/03,1902,825
9784186076458,Audio,Horror,Naja nivea,Lisa Grassot,2017/07/25,1280,1046
9781615516822,Audio,Horror,Chloephaga melanoptera,Hedda Hegden,2017/10/21,1766,1399
9786106084544,Audio,Horror,Boa caninus,Lorinda Farfoot,2017/05/01,1071,878
9789711689804,Audio,Horror,Spermophilus parryii,Caresa Davidek,2017/04/18,1832,1314
9781423059729,Audio,Horror,Merops nubicus,Harriot Pervew,2018/02/28,1078,1117
9780104758045,Audio,Horror,Sagittarius serpentarius,Lucius Brumble,2017/09/20,1946,1218
9785582825772,Audio,Horror,Felis caracal,Alfie Redmire,2017/12/09,1829,457
9789025686170,Audio,Horror,Pavo cristatus,Reg Salery,2018/02/17,1811,951
9787955545580,Audio,Horror,Cervus duvauceli,Stirling Rosewarne,2017/12/08,1385,1139
9788605623804,Audio,Horror,Ateles paniscus,Alec Pashley,2017/08/30,1732,539
9784101073435,Audio,Horror,Coracias caudata,Shep Tullett,2017/12/29,1579,20
9786755236340,Audio,Horror,Gabianus pacificus,Brian Swindley,2018/01/13,1915,165
9785671688314,Audio,Horror,Axis axis,Anjela Readshaw,2017/08/01,1329,1161
9785385878121,Audio,Horror,Grus rubicundus,Sheeree Normansell,2017/04/08,1639,1074
9788779455286,Audio,Horror,Coluber constrictor,Gamaliel Hugli,2017/08/03,1645,143
9783694375459,Audio,Horror,Eudromia elegans,Caresa Extance,2017/07/30,1835,1314
9787475936050,Audio,Horror,Sciurus vulgaris,Annmarie Vondruska,2017/08/07,1353,366
9787613083310,Audio,Horror,Macaca fuscata,Vicky Crosston,2017/12/01,1168,990
9786451037455,Audio,Horror,Bison bison,Win Cristofaro,2018/03/06,1880,1357
9786123594463,Audio,Horror,Colobus guerza,Fanchette Lambillion,2017/11/30,1656,1127
9788805948004,Audio,Horror,unavailable,Robinet Beton,2017/06/24,1814,969
9783147873868,Audio,Horror,Terathopius ecaudatus,Omar Collie,2017/07/17,1774,746